This is XeTeX, Version 3.141592653-2.6-0.999997 (TeX Live 2025) (preloaded format=xelatex 2026.1.29)  24 FEB 2026 12:46
entering extended mode
 restricted \write18 enabled.
 %&-line parsing enabled.
**L04230.xml
(./L04230.xml
LaTeX2e <2025-11-01>
L3 programming layer <2026-01-19>

! LaTeX Error: Missing \begin{document}.

See the LaTeX manual or LaTeX Companion for explanation.
Type  H <return>  for immediate help.
 ...                                              
                                                  
l.1 <
     ?xml version="1.0" encoding="UTF-8"?>
You're in trouble here.  Try typing  <return>  to proceed.
If that doesn't work, type  X <return>  to quit.

Missing character: There is no < ("3C) in font nullfont!
Missing character: There is no ? ("3F) in font nullfont!
Missing character: There is no x ("78) in font nullfont!
Missing character: There is no m ("6D) in font nullfont!
Missing character: There is no l ("6C) in font nullfont!
Missing character: There is no v ("76) in font nullfont!
Missing character: There is no e ("65) in font nullfont!
Missing character: There is no r ("72) in font nullfont!
Missing character: There is no s ("73) in font nullfont!
Missing character: There is no i ("69) in font nullfont!
Missing character: There is no o ("6F) in font nullfont!
Missing character: There is no n ("6E) in font nullfont!
Missing character: There is no = ("3D) in font nullfont!
Missing character: There is no " ("22) in font nullfont!
Missing character: There is no 1 ("31) in font nullfont!
Missing character: There is no . ("2E) in font nullfont!
Missing character: There is no 0 ("30) in font nullfont!
Missing character: There is no " ("22) in font nullfont!
Missing character: There is no e ("65) in font nullfont!
Missing character: There is no n ("6E) in font nullfont!
Missing character: There is no c ("63) in font nullfont!
Missing character: There is no o ("6F) in font nullfont!
Missing character: There is no d ("64) in font nullfont!
Missing character: There is no i ("69) in font nullfont!
Missing character: There is no n ("6E) in font nullfont!
Missing character: There is no g ("67) in font nullfont!
Missing character: There is no = ("3D) in font nullfont!
Missing character: There is no " ("22) in font nullfont!
Missing character: There is no U ("55) in font nullfont!
Missing character: There is no T ("54) in font nullfont!
Missing character: There is no F ("46) in font nullfont!
Missing character: There is no - ("2D) in font nullfont!
Missing character: There is no 8 ("38) in font nullfont!
Missing character: There is no " ("22) in font nullfont!
Missing character: There is no ? ("3F) in font nullfont!
Missing character: There is no > ("3E) in font nullfont!
Missing character: There is no < ("3C) in font nullfont!
Missing character: There is no ? ("3F) in font nullfont!
Missing character: There is no x ("78) in font nullfont!
Missing character: There is no m ("6D) in font nullfont!
Missing character: There is no l ("6C) in font nullfont!
Missing character: There is no - ("2D) in font nullfont!
Missing character: There is no m ("6D) in font nullfont!
Missing character: There is no o ("6F) in font nullfont!
Missing character: There is no d ("64) in font nullfont!
Missing character: There is no e ("65) in font nullfont!
Missing character: There is no l ("6C) in font nullfont!
Missing character: There is no h ("68) in font nullfont!
Missing character: There is no r ("72) in font nullfont!
Missing character: There is no e ("65) in font nullfont!
Missing character: There is no f ("66) in font nullfont!
Missing character: There is no = ("3D) in font nullfont!
Missing character: There is no " ("22) in font nullfont!
Missing character: There is no . ("2E) in font nullfont!
Missing character: There is no . ("2E) in font nullfont!
Missing character: There is no / ("2F) in font nullfont!
Missing character: There is no m ("6D) in font nullfont!
Missing character: There is no e ("65) in font nullfont!
Missing character: There is no t ("74) in font nullfont!
Missing character: There is no a ("61) in font nullfont!
Missing character: There is no / ("2F) in font nullfont!
Missing character: There is no s ("73) in font nullfont!
Missing character: There is no c ("63) in font nullfont!
Missing character: There is no h ("68) in font nullfont!
Missing character: There is no n ("6E) in font nullfont!
Missing character: There is no i ("69) in font nullfont!
Missing character: There is no t ("74) in font nullfont!
Missing character: There is no z ("7A) in font nullfont!
Missing character: There is no l ("6C) in font nullfont!
Missing character: There is no e ("65) in font nullfont!
Missing character: There is no r ("72) in font nullfont!
Missing character: There is no - ("2D) in font nullfont!
Missing character: There is no b ("62) in font nullfont!
Missing character: There is no r ("72) in font nullfont!
Missing character: There is no i ("69) in font nullfont!
Missing character: There is no e ("65) in font nullfont!
Missing character: There is no f ("66) in font nullfont!
Missing character: There is no e ("65) in font nullfont!
Missing character: There is no - ("2D) in font nullfont!
Missing character: There is no s ("73) in font nullfont!
Missing character: There is no c ("63) in font nullfont!
Missing character: There is no h ("68) in font nullfont!
Missing character: There is no e ("65) in font nullfont!
Missing character: There is no m ("6D) in font nullfont!
Missing character: There is no a ("61) in font nullfont!
Missing character: There is no t ("74) in font nullfont!
Missing character: There is no r ("72) in font nullfont!
Missing character: There is no o ("6F) in font nullfont!
Missing character: There is no n ("6E) in font nullfont!
Missing character: There is no . ("2E) in font nullfont!
Missing character: There is no s ("73) in font nullfont!
Missing character: There is no c ("63) in font nullfont!
Missing character: There is no h ("68) in font nullfont!
Missing character: There is no " ("22) in font nullfont!
Missing character: There is no t ("74) in font nullfont!
Missing character: There is no y ("79) in font nullfont!
Missing character: There is no p ("70) in font nullfont!
Missing character: There is no e ("65) in font nullfont!
Missing character: There is no = ("3D) in font nullfont!
Missing character: There is no " ("22) in font nullfont!
Missing character: There is no a ("61) in font nullfont!
Missing character: There is no p ("70) in font nullfont!
Missing character: There is no p ("70) in font nullfont!
Missing character: There is no l ("6C) in font nullfont!
Missing character: There is no i ("69) in font nullfont!
Missing character: There is no c ("63) in font nullfont!
Missing character: There is no a ("61) in font nullfont!
Missing character: There is no t ("74) in font nullfont!
Missing character: There is no i ("69) in font nullfont!
Missing character: There is no o ("6F) in font nullfont!
Missing character: There is no n ("6E) in font nullfont!
Missing character: There is no / ("2F) in font nullfont!
Missing character: There is no x ("78) in font nullfont!
Missing character: There is no m ("6D) in font nullfont!
Missing character: There is no l ("6C) in font nullfont!
Missing character: There is no " ("22) in font nullfont!
Missing character: There is no s ("73) in font nullfont!
Missing character: There is no c ("63) in font nullfont!
Missing character: There is no h ("68) in font nullfont!
Missing character: There is no e ("65) in font nullfont!
Missing character: There is no m ("6D) in font nullfont!
Missing character: There is no a ("61) in font nullfont!
Missing character: There is no t ("74) in font nullfont!
Missing character: There is no y ("79) in font nullfont!
Missing character: There is no p ("70) in font nullfont!
Missing character: There is no e ("65) in font nullfont!
Missing character: There is no n ("6E) in font nullfont!
Missing character: There is no s ("73) in font nullfont!
Missing character: There is no = ("3D) in font nullfont!
Missing character: There is no " ("22) in font nullfont!
Missing character: There is no h ("68) in font nullfont!
Missing character: There is no t ("74) in font nullfont!
Missing character: There is no t ("74) in font nullfont!
Missing character: There is no p ("70) in font nullfont!
Missing character: There is no : ("3A) in font nullfont!
Missing character: There is no / ("2F) in font nullfont!
Missing character: There is no / ("2F) in font nullfont!
Missing character: There is no p ("70) in font nullfont!
Missing character: There is no u ("75) in font nullfont!
Missing character: There is no r ("72) in font nullfont!
Missing character: There is no l ("6C) in font nullfont!
Missing character: There is no . ("2E) in font nullfont!
Missing character: There is no o ("6F) in font nullfont!
Missing character: There is no c ("63) in font nullfont!
Missing character: There is no l ("6C) in font nullfont!
Missing character: There is no c ("63) in font nullfont!
Missing character: There is no . ("2E) in font nullfont!
Missing character: There is no o ("6F) in font nullfont!
Missing character: There is no r ("72) in font nullfont!
Missing character: There is no g ("67) in font nullfont!
Missing character: There is no / ("2F) in font nullfont!
Missing character: There is no d ("64) in font nullfont!
Missing character: There is no s ("73) in font nullfont!
Missing character: There is no d ("64) in font nullfont!
Missing character: There is no l ("6C) in font nullfont!
Missing character: There is no / ("2F) in font nullfont!
Missing character: There is no s ("73) in font nullfont!
Missing character: There is no c ("63) in font nullfont!
Missing character: There is no h ("68) in font nullfont!
Missing character: There is no e ("65) in font nullfont!
Missing character: There is no m ("6D) in font nullfont!
Missing character: There is no a ("61) in font nullfont!
Missing character: There is no t ("74) in font nullfont!
Missing character: There is no r ("72) in font nullfont!
Missing character: There is no o ("6F) in font nullfont!
Missing character: There is no n ("6E) in font nullfont!
Missing character: There is no " ("22) in font nullfont!
Missing character: There is no ? ("3F) in font nullfont!
Missing character: There is no > ("3E) in font nullfont!
Missing character: There is no < ("3C) in font nullfont!
Missing character: There is no T ("54) in font nullfont!
Missing character: There is no E ("45) in font nullfont!
Missing character: There is no I ("49) in font nullfont!
Missing character: There is no x ("78) in font nullfont!
Missing character: There is no m ("6D) in font nullfont!
Missing character: There is no l ("6C) in font nullfont!
Missing character: There is no n ("6E) in font nullfont!
Missing character: There is no s ("73) in font nullfont!
Missing character: There is no = ("3D) in font nullfont!
Missing character: There is no " ("22) in font nullfont!
Missing character: There is no h ("68) in font nullfont!
Missing character: There is no t ("74) in font nullfont!
Missing character: There is no t ("74) in font nullfont!
Missing character: There is no p ("70) in font nullfont!
Missing character: There is no : ("3A) in font nullfont!
Missing character: There is no / ("2F) in font nullfont!
Missing character: There is no / ("2F) in font nullfont!
Missing character: There is no w ("77) in font nullfont!
Missing character: There is no w ("77) in font nullfont!
Missing character: There is no w ("77) in font nullfont!
Missing character: There is no . ("2E) in font nullfont!
Missing character: There is no t ("74) in font nullfont!
Missing character: There is no e ("65) in font nullfont!
Missing character: There is no i ("69) in font nullfont!
Missing character: There is no - ("2D) in font nullfont!
Missing character: There is no c ("63) in font nullfont!
Missing character: There is no . ("2E) in font nullfont!
Missing character: There is no o ("6F) in font nullfont!
Missing character: There is no r ("72) in font nullfont!
Missing character: There is no g ("67) in font nullfont!
Missing character: There is no / ("2F) in font nullfont!
Missing character: There is no n ("6E) in font nullfont!
Missing character: There is no s ("73) in font nullfont!
Missing character: There is no / ("2F) in font nullfont!
Missing character: There is no 1 ("31) in font nullfont!
Missing character: There is no . ("2E) in font nullfont!
Missing character: There is no 0 ("30) in font nullfont!
Missing character: There is no " ("22) in font nullfont!
Missing character: There is no x ("78) in font nullfont!
Missing character: There is no m ("6D) in font nullfont!
Missing character: There is no l ("6C) in font nullfont!
Missing character: There is no n ("6E) in font nullfont!
Missing character: There is no s ("73) in font nullfont!
Missing character: There is no : ("3A) in font nullfont!
Missing character: There is no x ("78) in font nullfont!
Missing character: There is no s ("73) in font nullfont!
Missing character: There is no i ("69) in font nullfont!
Missing character: There is no = ("3D) in font nullfont!
Missing character: There is no " ("22) in font nullfont!
Missing character: There is no h ("68) in font nullfont!
Missing character: There is no t ("74) in font nullfont!
Missing character: There is no t ("74) in font nullfont!
Missing character: There is no p ("70) in font nullfont!
Missing character: There is no : ("3A) in font nullfont!
Missing character: There is no / ("2F) in font nullfont!
Missing character: There is no / ("2F) in font nullfont!
Missing character: There is no w ("77) in font nullfont!
Missing character: There is no w ("77) in font nullfont!
Missing character: There is no w ("77) in font nullfont!
Missing character: There is no . ("2E) in font nullfont!
Missing character: There is no w ("77) in font nullfont!
Missing character: There is no 3 ("33) in font nullfont!
Missing character: There is no . ("2E) in font nullfont!
Missing character: There is no o ("6F) in font nullfont!
Missing character: There is no r ("72) in font nullfont!
Missing character: There is no g ("67) in font nullfont!
Missing character: There is no / ("2F) in font nullfont!
Missing character: There is no 2 ("32) in font nullfont!
Missing character: There is no 0 ("30) in font nullfont!
Missing character: There is no 0 ("30) in font nullfont!
Missing character: There is no 1 ("31) in font nullfont!
Missing character: There is no / ("2F) in font nullfont!
Missing character: There is no X ("58) in font nullfont!
Missing character: There is no M ("4D) in font nullfont!
Missing character: There is no L ("4C) in font nullfont!
Missing character: There is no S ("53) in font nullfont!
Missing character: There is no c ("63) in font nullfont!
Missing character: There is no h ("68) in font nullfont!
Missing character: There is no e ("65) in font nullfont!
Missing character: There is no m ("6D) in font nullfont!
Missing character: There is no a ("61) in font nullfont!
Missing character: There is no - ("2D) in font nullfont!
Missing character: There is no i ("69) in font nullfont!
Missing character: There is no n ("6E) in font nullfont!
Missing character: There is no s ("73) in font nullfont!
Missing character: There is no t ("74) in font nullfont!
Missing character: There is no a ("61) in font nullfont!
Missing character: There is no n ("6E) in font nullfont!
Missing character: There is no c ("63) in font nullfont!
Missing character: There is no e ("65) in font nullfont!
Missing character: There is no " ("22) in font nullfont!
Missing character: There is no x ("78) in font nullfont!
Missing character: There is no s ("73) in font nullfont!
Missing character: There is no i ("69) in font nullfont!
Missing character: There is no : ("3A) in font nullfont!
Missing character: There is no s ("73) in font nullfont!
Missing character: There is no c ("63) in font nullfont!
Missing character: There is no h ("68) in font nullfont!
Missing character: There is no e ("65) in font nullfont!
Missing character: There is no m ("6D) in font nullfont!
Missing character: There is no a ("61) in font nullfont!
Missing character: There is no L ("4C) in font nullfont!
Missing character: There is no o ("6F) in font nullfont!
Missing character: There is no c ("63) in font nullfont!
Missing character: There is no a ("61) in font nullfont!
Missing character: There is no t ("74) in font nullfont!
Missing character: There is no i ("69) in font nullfont!
Missing character: There is no o ("6F) in font nullfont!
Missing character: There is no n ("6E) in font nullfont!
Missing character: There is no = ("3D) in font nullfont!
Missing character: There is no " ("22) in font nullfont!
Missing character: There is no h ("68) in font nullfont!
Missing character: There is no t ("74) in font nullfont!
Missing character: There is no t ("74) in font nullfont!
Missing character: There is no p ("70) in font nullfont!
Missing character: There is no : ("3A) in font nullfont!
Missing character: There is no / ("2F) in font nullfont!
Missing character: There is no / ("2F) in font nullfont!
Missing character: There is no w ("77) in font nullfont!
Missing character: There is no w ("77) in font nullfont!
Missing character: There is no w ("77) in font nullfont!
Missing character: There is no . ("2E) in font nullfont!
Missing character: There is no t ("74) in font nullfont!
Missing character: There is no e ("65) in font nullfont!
Missing character: There is no i ("69) in font nullfont!
Missing character: There is no - ("2D) in font nullfont!
Missing character: There is no c ("63) in font nullfont!
Missing character: There is no . ("2E) in font nullfont!
Missing character: There is no o ("6F) in font nullfont!
Missing character: There is no r ("72) in font nullfont!
Missing character: There is no g ("67) in font nullfont!
Missing character: There is no / ("2F) in font nullfont!
Missing character: There is no n ("6E) in font nullfont!
Missing character: There is no s ("73) in font nullfont!
Missing character: There is no / ("2F) in font nullfont!
Missing character: There is no 1 ("31) in font nullfont!
Missing character: There is no . ("2E) in font nullfont!
Missing character: There is no 0 ("30) in font nullfont!
Missing character: There is no . ("2E) in font nullfont!
Missing character: There is no . ("2E) in font nullfont!
Missing character: There is no / ("2F) in font nullfont!
Missing character: There is no m ("6D) in font nullfont!
Missing character: There is no e ("65) in font nullfont!
Missing character: There is no t ("74) in font nullfont!
Missing character: There is no a ("61) in font nullfont!
Missing character: There is no / ("2F) in font nullfont!
Missing character: There is no s ("73) in font nullfont!
Missing character: There is no c ("63) in font nullfont!
Missing character: There is no h ("68) in font nullfont!
Missing character: There is no n ("6E) in font nullfont!
Missing character: There is no i ("69) in font nullfont!
Missing character: There is no t ("74) in font nullfont!
Missing character: There is no z ("7A) in font nullfont!
Missing character: There is no l ("6C) in font nullfont!
Missing character: There is no e ("65) in font nullfont!
Missing character: There is no r ("72) in font nullfont!
Missing character: There is no - ("2D) in font nullfont!
Missing character: There is no b ("62) in font nullfont!
Missing character: There is no r ("72) in font nullfont!
Missing character: There is no i ("69) in font nullfont!
Missing character: There is no e ("65) in font nullfont!
Missing character: There is no f ("66) in font nullfont!
Missing character: There is no e ("65) in font nullfont!
Missing character: There is no - ("2D) in font nullfont!
Missing character: There is no s ("73) in font nullfont!
Missing character: There is no c ("63) in font nullfont!
Missing character: There is no h ("68) in font nullfont!
Missing character: There is no e ("65) in font nullfont!
Missing character: There is no m ("6D) in font nullfont!
Missing character: There is no a ("61) in font nullfont!
Missing character: There is no . ("2E) in font nullfont!
Missing character: There is no x ("78) in font nullfont!
Missing character: There is no s ("73) in font nullfont!
Missing character: There is no d ("64) in font nullfont!
Missing character: There is no " ("22) in font nullfont!
Missing character: There is no x ("78) in font nullfont!
Missing character: There is no m ("6D) in font nullfont!
Missing character: There is no l ("6C) in font nullfont!
Missing character: There is no : ("3A) in font nullfont!
Missing character: There is no b ("62) in font nullfont!
Missing character: There is no a ("61) in font nullfont!
Missing character: There is no s ("73) in font nullfont!
Missing character: There is no e ("65) in font nullfont!
Missing character: There is no = ("3D) in font nullfont!
Missing character: There is no " ("22) in font nullfont!
Missing character: There is no h ("68) in font nullfont!
Missing character: There is no t ("74) in font nullfont!
Missing character: There is no t ("74) in font nullfont!
Missing character: There is no p ("70) in font nullfont!
Missing character: There is no s ("73) in font nullfont!
Missing character: There is no : ("3A) in font nullfont!
Missing character: There is no / ("2F) in font nullfont!
Missing character: There is no / ("2F) in font nullfont!
Missing character: There is no i ("69) in font nullfont!
Missing character: There is no d ("64) in font nullfont!
Missing character: There is no . ("2E) in font nullfont!
Missing character: There is no a ("61) in font nullfont!
Missing character: There is no c ("63) in font nullfont!
Missing character: There is no d ("64) in font nullfont!
Missing character: There is no h ("68) in font nullfont!
Missing character: There is no . ("2E) in font nullfont!
Missing character: There is no o ("6F) in font nullfont!
Missing character: There is no e ("65) in font nullfont!
Missing character: There is no a ("61) in font nullfont!
Missing character: There is no w ("77) in font nullfont!
Missing character: There is no . ("2E) in font nullfont!
Missing character: There is no a ("61) in font nullfont!
Missing character: There is no c ("63) in font nullfont!
Missing character: There is no . ("2E) in font nullfont!
Missing character: There is no a ("61) in font nullfont!
Missing character: There is no t ("74) in font nullfont!
Missing character: There is no / ("2F) in font nullfont!
Missing character: There is no s ("73) in font nullfont!
Missing character: There is no c ("63) in font nullfont!
Missing character: There is no h ("68) in font nullfont!
Missing character: There is no n ("6E) in font nullfont!
Missing character: There is no i ("69) in font nullfont!
Missing character: There is no t ("74) in font nullfont!
Missing character: There is no z ("7A) in font nullfont!
Missing character: There is no l ("6C) in font nullfont!
Missing character: There is no e ("65) in font nullfont!
Missing character: There is no r ("72) in font nullfont!
Missing character: There is no / ("2F) in font nullfont!
Missing character: There is no s ("73) in font nullfont!
Missing character: There is no c ("63) in font nullfont!
Missing character: There is no h ("68) in font nullfont!
Missing character: There is no n ("6E) in font nullfont!
Missing character: There is no i ("69) in font nullfont!
Missing character: There is no t ("74) in font nullfont!
Missing character: There is no z ("7A) in font nullfont!
Missing character: There is no l ("6C) in font nullfont!
Missing character: There is no e ("65) in font nullfont!
Missing character: There is no r ("72) in font nullfont!
Missing character: There is no - ("2D) in font nullfont!
Missing character: There is no b ("62) in font nullfont!
Missing character: There is no r ("72) in font nullfont!
Missing character: There is no i ("69) in font nullfont!
Missing character: There is no e ("65) in font nullfont!
Missing character: There is no f ("66) in font nullfont!
Missing character: There is no e ("65) in font nullfont!
Missing character: There is no / ("2F) in font nullfont!
Missing character: There is no e ("65) in font nullfont!
Missing character: There is no d ("64) in font nullfont!
Missing character: There is no i ("69) in font nullfont!
Missing character: There is no t ("74) in font nullfont!
Missing character: There is no i ("69) in font nullfont!
Missing character: There is no o ("6F) in font nullfont!
Missing character: There is no n ("6E) in font nullfont!
Missing character: There is no s ("73) in font nullfont!
Missing character: There is no " ("22) in font nullfont!
Missing character: There is no x ("78) in font nullfont!
Missing character: There is no m ("6D) in font nullfont!
Missing character: There is no l ("6C) in font nullfont!
Missing character: There is no : ("3A) in font nullfont!
Missing character: There is no i ("69) in font nullfont!
Missing character: There is no d ("64) in font nullfont!
Missing character: There is no = ("3D) in font nullfont!
Missing character: There is no " ("22) in font nullfont!
Missing character: There is no L ("4C) in font nullfont!
Missing character: There is no 0 ("30) in font nullfont!
Missing character: There is no 4 ("34) in font nullfont!
Missing character: There is no 2 ("32) in font nullfont!
Missing character: There is no 3 ("33) in font nullfont!
Missing character: There is no 0 ("30) in font nullfont!
Missing character: There is no " ("22) in font nullfont!
Missing character: There is no > ("3E) in font nullfont!
Missing character: There is no < ("3C) in font nullfont!
Missing character: There is no t ("74) in font nullfont!
Missing character: There is no e ("65) in font nullfont!
Missing character: There is no i ("69) in font nullfont!
Missing character: There is no H ("48) in font nullfont!
Missing character: There is no e ("65) in font nullfont!
Missing character: There is no a ("61) in font nullfont!
Missing character: There is no d ("64) in font nullfont!
Missing character: There is no e ("65) in font nullfont!
Missing character: There is no r ("72) in font nullfont!
Missing character: There is no > ("3E) in font nullfont!
Missing character: There is no < ("3C) in font nullfont!
Missing character: There is no f ("66) in font nullfont!
Missing character: There is no i ("69) in font nullfont!
Missing character: There is no l ("6C) in font nullfont!
Missing character: There is no e ("65) in font nullfont!
Missing character: There is no D ("44) in font nullfont!
Missing character: There is no e ("65) in font nullfont!
Missing character: There is no s ("73) in font nullfont!
Missing character: There is no c ("63) in font nullfont!
Missing character: There is no > ("3E) in font nullfont!
Missing character: There is no < ("3C) in font nullfont!
Missing character: There is no t ("74) in font nullfont!
Missing character: There is no i ("69) in font nullfont!
Missing character: There is no t ("74) in font nullfont!
Missing character: There is no l ("6C) in font nullfont!
Missing character: There is no e ("65) in font nullfont!
Missing character: There is no S ("53) in font nullfont!
Missing character: There is no t ("74) in font nullfont!
Missing character: There is no m ("6D) in font nullfont!
Missing character: There is no t ("74) in font nullfont!
Missing character: There is no > ("3E) in font nullfont!
Missing character: There is no < ("3C) in font nullfont!
Missing character: There is no t ("74) in font nullfont!
Missing character: There is no i ("69) in font nullfont!
Missing character: There is no t ("74) in font nullfont!
Missing character: There is no l ("6C) in font nullfont!
Missing character: There is no e ("65) in font nullfont!
Missing character: There is no l ("6C) in font nullfont!
Missing character: There is no e ("65) in font nullfont!
Missing character: There is no v ("76) in font nullfont!
Missing character: There is no e ("65) in font nullfont!
Missing character: There is no l ("6C) in font nullfont!
Missing character: There is no = ("3D) in font nullfont!
Missing character: There is no " ("22) in font nullfont!
Missing character: There is no s ("73) in font nullfont!
Missing character: There is no " ("22) in font nullfont!
Missing character: There is no > ("3E) in font nullfont!
Missing character: There is no A ("41) in font nullfont!
Missing character: There is no r ("72) in font nullfont!
Missing character: There is no t ("74) in font nullfont!
Missing character: There is no h ("68) in font nullfont!
Missing character: There is no u ("75) in font nullfont!
Missing character: There is no r ("72) in font nullfont!
Missing character: There is no S ("53) in font nullfont!
Missing character: There is no c ("63) in font nullfont!
Missing character: There is no h ("68) in font nullfont!
Missing character: There is no n ("6E) in font nullfont!
Missing character: There is no i ("69) in font nullfont!
Missing character: There is no t ("74) in font nullfont!
Missing character: There is no z ("7A) in font nullfont!
Missing character: There is no l ("6C) in font nullfont!
Missing character: There is no e ("65) in font nullfont!
Missing character: There is no r ("72) in font nullfont!
Missing character: There is no : ("3A) in font nullfont!
Missing character: There is no B ("42) in font nullfont!
Missing character: There is no r ("72) in font nullfont!
Missing character: There is no i ("69) in font nullfont!
Missing character: There is no e ("65) in font nullfont!
Missing character: There is no f ("66) in font nullfont!
Missing character: There is no w ("77) in font nullfont!
Missing character: There is no e ("65) in font nullfont!
Missing character: There is no c ("63) in font nullfont!
Missing character: There is no h ("68) in font nullfont!
Missing character: There is no s ("73) in font nullfont!
Missing character: There is no e ("65) in font nullfont!
Missing character: There is no l ("6C) in font nullfont!
Missing character: There is no m ("6D) in font nullfont!
Missing character: There is no i ("69) in font nullfont!
Missing character: There is no t ("74) in font nullfont!
Missing character: There is no A ("41) in font nullfont!
Missing character: There is no u ("75) in font nullfont!
Missing character: There is no t ("74) in font nullfont!
Missing character: There is no o ("6F) in font nullfont!
Missing character: There is no r ("72) in font nullfont!
Missing character: There is no i ("69) in font nullfont!
Missing character: There is no n ("6E) in font nullfont!
Missing character: There is no n ("6E) in font nullfont!
Missing character: There is no e ("65) in font nullfont!
Missing character: There is no n ("6E) in font nullfont!
Missing character: There is no u ("75) in font nullfont!
Missing character: There is no n ("6E) in font nullfont!
Missing character: There is no d ("64) in font nullfont!
Missing character: There is no A ("41) in font nullfont!
Missing character: There is no u ("75) in font nullfont!
Missing character: There is no t ("74) in font nullfont!
Missing character: There is no o ("6F) in font nullfont!
Missing character: There is no r ("72) in font nullfont!
Missing character: There is no e ("65) in font nullfont!
Missing character: There is no n ("6E) in font nullfont!
Missing character: There is no < ("3C) in font nullfont!
Missing character: There is no / ("2F) in font nullfont!
Missing character: There is no t ("74) in font nullfont!
Missing character: There is no i ("69) in font nullfont!
Missing character: There is no t ("74) in font nullfont!
Missing character: There is no l ("6C) in font nullfont!
Missing character: There is no e ("65) in font nullfont!
Missing character: There is no > ("3E) in font nullfont!
Missing character: There is no < ("3C) in font nullfont!
Missing character: There is no t ("74) in font nullfont!
Missing character: There is no i ("69) in font nullfont!
Missing character: There is no t ("74) in font nullfont!
Missing character: There is no l ("6C) in font nullfont!
Missing character: There is no e ("65) in font nullfont!
Missing character: There is no l ("6C) in font nullfont!
Missing character: There is no e ("65) in font nullfont!
Missing character: There is no v ("76) in font nullfont!
Missing character: There is no e ("65) in font nullfont!
Missing character: There is no l ("6C) in font nullfont!
Missing character: There is no = ("3D) in font nullfont!
Missing character: There is no " ("22) in font nullfont!
Missing character: There is no a ("61) in font nullfont!
Missing character: There is no " ("22) in font nullfont!
Missing character: There is no > ("3E) in font nullfont!
Missing character: There is no T ("54) in font nullfont!
Missing character: There is no h ("68) in font nullfont!
Missing character: There is no e ("65) in font nullfont!
Missing character: There is no o ("6F) in font nullfont!
Missing character: There is no d ("64) in font nullfont!
Missing character: There is no o ("6F) in font nullfont!
Missing character: There is no r ("72) in font nullfont!
Missing character: There is no v ("76) in font nullfont!
Missing character: There is no o ("6F) in font nullfont!
Missing character: There is no n ("6E) in font nullfont!
Missing character: There is no S ("53) in font nullfont!
Missing character: There is no o ("6F) in font nullfont!
Missing character: There is no s ("73) in font nullfont!
Missing character: There is no n ("6E) in font nullfont!
Missing character: There is no o ("6F) in font nullfont!
Missing character: There is no s ("73) in font nullfont!
Missing character: There is no k ("6B) in font nullfont!
Missing character: There is no y ("79) in font nullfont!
Missing character: There is no a ("61) in font nullfont!
Missing character: There is no n ("6E) in font nullfont!
Missing character: There is no A ("41) in font nullfont!
Missing character: There is no r ("72) in font nullfont!
Missing character: There is no t ("74) in font nullfont!
Missing character: There is no h ("68) in font nullfont!
Missing character: There is no u ("75) in font nullfont!
Missing character: There is no r ("72) in font nullfont!
Missing character: There is no S ("53) in font nullfont!
Missing character: There is no c ("63) in font nullfont!
Missing character: There is no h ("68) in font nullfont!
Missing character: There is no n ("6E) in font nullfont!
Missing character: There is no i ("69) in font nullfont!
Missing character: There is no t ("74) in font nullfont!
Missing character: There is no z ("7A) in font nullfont!
Missing character: There is no l ("6C) in font nullfont!
Missing character: There is no e ("65) in font nullfont!
Missing character: There is no r ("72) in font nullfont!
Missing character: There is no , ("2C) in font nullfont!
Missing character: There is no 2 ("32) in font nullfont!
Missing character: There is no 3 ("33) in font nullfont!
Missing character: There is no . ("2E) in font nullfont!
! Misplaced alignment tab character &.
l.13 ...or von Sosnosky an Arthur Schnitzler, 23.&
                                                  #160;5.&#160;1901</title>
I can't figure out why you would want to use a tab mark
here. If you just want an ampersand, the remedy is
simple: Just type `I\&' now. But if some right brace
up above has ended a previous alignment prematurely,
you're probably due for more error messages, and you
might try typing `S' now just to see what is salvageable.

! You can't use `macro parameter character #' in horizontal mode.
l.13 ...r von Sosnosky an Arthur Schnitzler, 23.&#
                                                  160;5.&#160;1901</title>
Sorry, but I'm not programmed to handle this case;
I'll just pretend that you didn't ask for it.
If you're in the wrong mode, you might be able to
return to the right one by typing `I}' or `I$' or `I\par'.

Missing character: There is no 1 ("31) in font nullfont!
Missing character: There is no 6 ("36) in font nullfont!
Missing character: There is no 0 ("30) in font nullfont!
Missing character: There is no ; ("3B) in font nullfont!
Missing character: There is no 5 ("35) in font nullfont!
Missing character: There is no . ("2E) in font nullfont!
! Misplaced alignment tab character &.
l.13 ...osnosky an Arthur Schnitzler, 23.&#160;5.&
                                                  #160;1901</title>
I can't figure out why you would want to use a tab mark
here. If you just want an ampersand, the remedy is
simple: Just type `I\&' now. But if some right brace
up above has ended a previous alignment prematurely,
you're probably due for more error messages, and you
might try typing `S' now just to see what is salvageable.

! You can't use `macro parameter character #' in horizontal mode.
l.13 ...snosky an Arthur Schnitzler, 23.&#160;5.&#
                                                  160;1901</title>
Sorry, but I'm not programmed to handle this case;
I'll just pretend that you didn't ask for it.
If you're in the wrong mode, you might be able to
return to the right one by typing `I}' or `I$' or `I\par'.

Missing character: There is no 1 ("31) in font nullfont!
Missing character: There is no 6 ("36) in font nullfont!
Missing character: There is no 0 ("30) in font nullfont!
Missing character: There is no ; ("3B) in font nullfont!
Missing character: There is no 1 ("31) in font nullfont!
Missing character: There is no 9 ("39) in font nullfont!
Missing character: There is no 0 ("30) in font nullfont!
Missing character: There is no 1 ("31) in font nullfont!
Missing character: There is no < ("3C) in font nullfont!
Missing character: There is no / ("2F) in font nullfont!
Missing character: There is no t ("74) in font nullfont!
Missing character: There is no i ("69) in font nullfont!
Missing character: There is no t ("74) in font nullfont!
Missing character: There is no l ("6C) in font nullfont!
Missing character: There is no e ("65) in font nullfont!
Missing character: There is no > ("3E) in font nullfont!
Missing character: There is no < ("3C) in font nullfont!
Missing character: There is no a ("61) in font nullfont!
Missing character: There is no u ("75) in font nullfont!
Missing character: There is no t ("74) in font nullfont!
Missing character: There is no h ("68) in font nullfont!
Missing character: There is no o ("6F) in font nullfont!
Missing character: There is no r ("72) in font nullfont!
Missing character: There is no r ("72) in font nullfont!
Missing character: There is no e ("65) in font nullfont!
Missing character: There is no f ("66) in font nullfont!
Missing character: There is no = ("3D) in font nullfont!
Missing character: There is no " ("22) in font nullfont!
! You can't use `macro parameter character #' in horizontal mode.
l.14             <author ref="#
                               pmb9941">Sosnosky, Theodor von</author>
Sorry, but I'm not programmed to handle this case;
I'll just pretend that you didn't ask for it.
If you're in the wrong mode, you might be able to
return to the right one by typing `I}' or `I$' or `I\par'.

Missing character: There is no p ("70) in font nullfont!
Missing character: There is no m ("6D) in font nullfont!
Missing character: There is no b ("62) in font nullfont!
Missing character: There is no 9 ("39) in font nullfont!
Missing character: There is no 9 ("39) in font nullfont!
Missing character: There is no 4 ("34) in font nullfont!
Missing character: There is no 1 ("31) in font nullfont!
Missing character: There is no " ("22) in font nullfont!
Missing character: There is no > ("3E) in font nullfont!
Missing character: There is no S ("53) in font nullfont!
Missing character: There is no o ("6F) in font nullfont!
Missing character: There is no s ("73) in font nullfont!
Missing character: There is no n ("6E) in font nullfont!
Missing character: There is no o ("6F) in font nullfont!
Missing character: There is no s ("73) in font nullfont!
Missing character: There is no k ("6B) in font nullfont!
Missing character: There is no y ("79) in font nullfont!
Missing character: There is no , ("2C) in font nullfont!
Missing character: There is no T ("54) in font nullfont!
Missing character: There is no h ("68) in font nullfont!
Missing character: There is no e ("65) in font nullfont!
Missing character: There is no o ("6F) in font nullfont!
Missing character: There is no d ("64) in font nullfont!
Missing character: There is no o ("6F) in font nullfont!
Missing character: There is no r ("72) in font nullfont!
Missing character: There is no v ("76) in font nullfont!
Missing character: There is no o ("6F) in font nullfont!
Missing character: There is no n ("6E) in font nullfont!
Missing character: There is no < ("3C) in font nullfont!
Missing character: There is no / ("2F) in font nullfont!
Missing character: There is no a ("61) in font nullfont!
Missing character: There is no u ("75) in font nullfont!
Missing character: There is no t ("74) in font nullfont!
Missing character: There is no h ("68) in font nullfont!
Missing character: There is no o ("6F) in font nullfont!
Missing character: There is no r ("72) in font nullfont!
Missing character: There is no > ("3E) in font nullfont!
Missing character: There is no < ("3C) in font nullfont!
Missing character: There is no e ("65) in font nullfont!
Missing character: There is no d ("64) in font nullfont!
Missing character: There is no i ("69) in font nullfont!
Missing character: There is no t ("74) in font nullfont!
Missing character: There is no o ("6F) in font nullfont!
Missing character: There is no r ("72) in font nullfont!
Missing character: There is no > ("3E) in font nullfont!
Missing character: There is no < ("3C) in font nullfont!
Missing character: There is no p ("70) in font nullfont!
Missing character: There is no e ("65) in font nullfont!
Missing character: There is no r ("72) in font nullfont!
Missing character: There is no s ("73) in font nullfont!
Missing character: There is no N ("4E) in font nullfont!
Missing character: There is no a ("61) in font nullfont!
Missing character: There is no m ("6D) in font nullfont!
Missing character: There is no e ("65) in font nullfont!
Missing character: There is no > ("3E) in font nullfont!
Missing character: There is no J ("4A) in font nullfont!
Missing character: There is no a ("61) in font nullfont!
Missing character: There is no h ("68) in font nullfont!
Missing character: There is no n ("6E) in font nullfont!
Missing character: There is no k ("6B) in font nullfont!
Missing character: There is no e ("65) in font nullfont!
Missing character: There is no , ("2C) in font nullfont!
Missing character: There is no S ("53) in font nullfont!
Missing character: There is no e ("65) in font nullfont!
Missing character: There is no l ("6C) in font nullfont!
Missing character: There is no m ("6D) in font nullfont!
Missing character: There is no a ("61) in font nullfont!
Missing character: There is no < ("3C) in font nullfont!
Missing character: There is no / ("2F) in font nullfont!
Missing character: There is no p ("70) in font nullfont!
Missing character: There is no e ("65) in font nullfont!
Missing character: There is no r ("72) in font nullfont!
Missing character: There is no s ("73) in font nullfont!
Missing character: There is no N ("4E) in font nullfont!
Missing character: There is no a ("61) in font nullfont!
Missing character: There is no m ("6D) in font nullfont!
Missing character: There is no e ("65) in font nullfont!
Missing character: There is no > ("3E) in font nullfont!
Missing character: There is no < ("3C) in font nullfont!
Missing character: There is no p ("70) in font nullfont!
Missing character: There is no e ("65) in font nullfont!
Missing character: There is no r ("72) in font nullfont!
Missing character: There is no s ("73) in font nullfont!
Missing character: There is no N ("4E) in font nullfont!
Missing character: There is no a ("61) in font nullfont!
Missing character: There is no m ("6D) in font nullfont!
Missing character: There is no e ("65) in font nullfont!
Missing character: There is no > ("3E) in font nullfont!
Missing character: There is no M ("4D) in font nullfont!
Missing character: There is no ü ("FC) in font nullfont!
Missing character: There is no l ("6C) in font nullfont!
Missing character: There is no l ("6C) in font nullfont!
Missing character: There is no e ("65) in font nullfont!
Missing character: There is no r ("72) in font nullfont!
Missing character: There is no , ("2C) in font nullfont!
Missing character: There is no M ("4D) in font nullfont!
Missing character: There is no a ("61) in font nullfont!
Missing character: There is no r ("72) in font nullfont!
Missing character: There is no t ("74) in font nullfont!
Missing character: There is no i ("69) in font nullfont!
Missing character: There is no n ("6E) in font nullfont!
Missing character: There is no A ("41) in font nullfont!
Missing character: There is no n ("6E) in font nullfont!
Missing character: There is no t ("74) in font nullfont!
Missing character: There is no o ("6F) in font nullfont!
Missing character: There is no n ("6E) in font nullfont!
Missing character: There is no < ("3C) in font nullfont!
Missing character: There is no / ("2F) in font nullfont!
Missing character: There is no p ("70) in font nullfont!
Missing character: There is no e ("65) in font nullfont!
Missing character: There is no r ("72) in font nullfont!
Missing character: There is no s ("73) in font nullfont!
Missing character: There is no N ("4E) in font nullfont!
Missing character: There is no a ("61) in font nullfont!
Missing character: There is no m ("6D) in font nullfont!
Missing character: There is no e ("65) in font nullfont!
Missing character: There is no > ("3E) in font nullfont!
Missing character: There is no < ("3C) in font nullfont!
Missing character: There is no / ("2F) in font nullfont!
Missing character: There is no e ("65) in font nullfont!
Missing character: There is no d ("64) in font nullfont!
Missing character: There is no i ("69) in font nullfont!
Missing character: There is no t ("74) in font nullfont!
Missing character: There is no o ("6F) in font nullfont!
Missing character: There is no r ("72) in font nullfont!
Missing character: There is no > ("3E) in font nullfont!
Missing character: There is no < ("3C) in font nullfont!
Missing character: There is no f ("66) in font nullfont!
Missing character: There is no u ("75) in font nullfont!
Missing character: There is no n ("6E) in font nullfont!
Missing character: There is no d ("64) in font nullfont!
Missing character: There is no e ("65) in font nullfont!
Missing character: There is no r ("72) in font nullfont!
Missing character: There is no > ("3E) in font nullfont!
Missing character: There is no < ("3C) in font nullfont!
Missing character: There is no n ("6E) in font nullfont!
Missing character: There is no a ("61) in font nullfont!
Missing character: There is no m ("6D) in font nullfont!
Missing character: There is no e ("65) in font nullfont!
Missing character: There is no > ("3E) in font nullfont!
Missing character: There is no Ö ("D6) in font nullfont!
Missing character: There is no s ("73) in font nullfont!
Missing character: There is no t ("74) in font nullfont!
Missing character: There is no e ("65) in font nullfont!
Missing character: There is no r ("72) in font nullfont!
Missing character: There is no r ("72) in font nullfont!
Missing character: There is no e ("65) in font nullfont!
Missing character: There is no i ("69) in font nullfont!
Missing character: There is no c ("63) in font nullfont!
Missing character: There is no h ("68) in font nullfont!
Missing character: There is no i ("69) in font nullfont!
Missing character: There is no s ("73) in font nullfont!
Missing character: There is no c ("63) in font nullfont!
Missing character: There is no h ("68) in font nullfont!
Missing character: There is no e ("65) in font nullfont!
Missing character: There is no r ("72) in font nullfont!
Missing character: There is no W ("57) in font nullfont!
Missing character: There is no i ("69) in font nullfont!
Missing character: There is no s ("73) in font nullfont!
Missing character: There is no s ("73) in font nullfont!
Missing character: There is no e ("65) in font nullfont!
Missing character: There is no n ("6E) in font nullfont!
Missing character: There is no s ("73) in font nullfont!
Missing character: There is no c ("63) in font nullfont!
Missing character: There is no h ("68) in font nullfont!
Missing character: There is no a ("61) in font nullfont!
Missing character: There is no f ("66) in font nullfont!
Missing character: There is no t ("74) in font nullfont!
Missing character: There is no s ("73) in font nullfont!
Missing character: There is no f ("66) in font nullfont!
Missing character: There is no o ("6F) in font nullfont!
Missing character: There is no n ("6E) in font nullfont!
Missing character: There is no d ("64) in font nullfont!
Missing character: There is no s ("73) in font nullfont!
Missing character: There is no F ("46) in font nullfont!
Missing character: There is no W ("57) in font nullfont!
Missing character: There is no F ("46) in font nullfont!
Missing character: There is no < ("3C) in font nullfont!
Missing character: There is no / ("2F) in font nullfont!
Missing character: There is no n ("6E) in font nullfont!
Missing character: There is no a ("61) in font nullfont!
Missing character: There is no m ("6D) in font nullfont!
Missing character: There is no e ("65) in font nullfont!
Missing character: There is no > ("3E) in font nullfont!
Missing character: There is no < ("3C) in font nullfont!
Missing character: There is no a ("61) in font nullfont!
Missing character: There is no d ("64) in font nullfont!
Missing character: There is no d ("64) in font nullfont!
Missing character: There is no r ("72) in font nullfont!
Missing character: There is no e ("65) in font nullfont!
Missing character: There is no s ("73) in font nullfont!
Missing character: There is no s ("73) in font nullfont!
Missing character: There is no > ("3E) in font nullfont!
Missing character: There is no < ("3C) in font nullfont!
Missing character: There is no s ("73) in font nullfont!
Missing character: There is no t ("74) in font nullfont!
Missing character: There is no r ("72) in font nullfont!
Missing character: There is no e ("65) in font nullfont!
Missing character: There is no e ("65) in font nullfont!
Missing character: There is no t ("74) in font nullfont!
Missing character: There is no > ("3E) in font nullfont!
Missing character: There is no G ("47) in font nullfont!
Missing character: There is no e ("65) in font nullfont!
Missing character: There is no o ("6F) in font nullfont!
Missing character: There is no r ("72) in font nullfont!
Missing character: There is no g ("67) in font nullfont!
Missing character: There is no - ("2D) in font nullfont!
Missing character: There is no C ("43) in font nullfont!
Missing character: There is no o ("6F) in font nullfont!
Missing character: There is no c ("63) in font nullfont!
Missing character: There is no h ("68) in font nullfont!
Missing character: There is no - ("2D) in font nullfont!
Missing character: There is no P ("50) in font nullfont!
Missing character: There is no l ("6C) in font nullfont!
Missing character: There is no a ("61) in font nullfont!
Missing character: There is no t ("74) in font nullfont!
Missing character: There is no z ("7A) in font nullfont!
Missing character: There is no 2 ("32) in font nullfont!
Missing character: There is no < ("3C) in font nullfont!
Missing character: There is no / ("2F) in font nullfont!
Missing character: There is no s ("73) in font nullfont!
Missing character: There is no t ("74) in font nullfont!
Missing character: There is no r ("72) in font nullfont!
Missing character: There is no e ("65) in font nullfont!
Missing character: There is no e ("65) in font nullfont!
Missing character: There is no t ("74) in font nullfont!
Missing character: There is no > ("3E) in font nullfont!
Missing character: There is no < ("3C) in font nullfont!
Missing character: There is no p ("70) in font nullfont!
Missing character: There is no o ("6F) in font nullfont!
Missing character: There is no s ("73) in font nullfont!
Missing character: There is no t ("74) in font nullfont!
Missing character: There is no C ("43) in font nullfont!
Missing character: There is no o ("6F) in font nullfont!
Missing character: There is no d ("64) in font nullfont!
Missing character: There is no e ("65) in font nullfont!
Missing character: There is no > ("3E) in font nullfont!
Missing character: There is no 1 ("31) in font nullfont!
Missing character: There is no 0 ("30) in font nullfont!
Missing character: There is no 1 ("31) in font nullfont!
Missing character: There is no 0 ("30) in font nullfont!
Missing character: There is no W ("57) in font nullfont!
Missing character: There is no i ("69) in font nullfont!
Missing character: There is no e ("65) in font nullfont!
Missing character: There is no n ("6E) in font nullfont!
Missing character: There is no < ("3C) in font nullfont!
Missing character: There is no / ("2F) in font nullfont!
Missing character: There is no p ("70) in font nullfont!
Missing character: There is no o ("6F) in font nullfont!
Missing character: There is no s ("73) in font nullfont!
Missing character: There is no t ("74) in font nullfont!
Missing character: There is no C ("43) in font nullfont!
Missing character: There is no o ("6F) in font nullfont!
Missing character: There is no d ("64) in font nullfont!
Missing character: There is no e ("65) in font nullfont!
Missing character: There is no > ("3E) in font nullfont!
Missing character: There is no < ("3C) in font nullfont!
Missing character: There is no p ("70) in font nullfont!
Missing character: There is no l ("6C) in font nullfont!
Missing character: There is no a ("61) in font nullfont!
Missing character: There is no c ("63) in font nullfont!
Missing character: There is no e ("65) in font nullfont!
Missing character: There is no N ("4E) in font nullfont!
Missing character: There is no a ("61) in font nullfont!
Missing character: There is no m ("6D) in font nullfont!
Missing character: There is no e ("65) in font nullfont!
Missing character: There is no > ("3E) in font nullfont!
Missing character: There is no < ("3C) in font nullfont!
Missing character: There is no c ("63) in font nullfont!
Missing character: There is no o ("6F) in font nullfont!
Missing character: There is no u ("75) in font nullfont!
Missing character: There is no n ("6E) in font nullfont!
Missing character: There is no t ("74) in font nullfont!
Missing character: There is no r ("72) in font nullfont!
Missing character: There is no y ("79) in font nullfont!
Missing character: There is no > ("3E) in font nullfont!
Missing character: There is no A ("41) in font nullfont!
Missing character: There is no < ("3C) in font nullfont!
Missing character: There is no / ("2F) in font nullfont!
Missing character: There is no c ("63) in font nullfont!
Missing character: There is no o ("6F) in font nullfont!
Missing character: There is no u ("75) in font nullfont!
Missing character: There is no n ("6E) in font nullfont!
Missing character: There is no t ("74) in font nullfont!
Missing character: There is no r ("72) in font nullfont!
Missing character: There is no y ("79) in font nullfont!
Missing character: There is no > ("3E) in font nullfont!
Missing character: There is no < ("3C) in font nullfont!
Missing character: There is no s ("73) in font nullfont!
Missing character: There is no e ("65) in font nullfont!
Missing character: There is no t ("74) in font nullfont!
Missing character: There is no t ("74) in font nullfont!
Missing character: There is no l ("6C) in font nullfont!
Missing character: There is no e ("65) in font nullfont!
Missing character: There is no m ("6D) in font nullfont!
Missing character: There is no e ("65) in font nullfont!
Missing character: There is no n ("6E) in font nullfont!
Missing character: There is no t ("74) in font nullfont!
Missing character: There is no > ("3E) in font nullfont!
Missing character: There is no W ("57) in font nullfont!
Missing character: There is no i ("69) in font nullfont!
Missing character: There is no e ("65) in font nullfont!
Missing character: There is no n ("6E) in font nullfont!
Missing character: There is no < ("3C) in font nullfont!
Missing character: There is no / ("2F) in font nullfont!
Missing character: There is no s ("73) in font nullfont!
Missing character: There is no e ("65) in font nullfont!
Missing character: There is no t ("74) in font nullfont!
Missing character: There is no t ("74) in font nullfont!
Missing character: There is no l ("6C) in font nullfont!
Missing character: There is no e ("65) in font nullfont!
Missing character: There is no m ("6D) in font nullfont!
Missing character: There is no e ("65) in font nullfont!
Missing character: There is no n ("6E) in font nullfont!
Missing character: There is no t ("74) in font nullfont!
Missing character: There is no > ("3E) in font nullfont!
Missing character: There is no < ("3C) in font nullfont!
Missing character: There is no / ("2F) in font nullfont!
Missing character: There is no p ("70) in font nullfont!
Missing character: There is no l ("6C) in font nullfont!
Missing character: There is no a ("61) in font nullfont!
Missing character: There is no c ("63) in font nullfont!
Missing character: There is no e ("65) in font nullfont!
Missing character: There is no N ("4E) in font nullfont!
Missing character: There is no a ("61) in font nullfont!
Missing character: There is no m ("6D) in font nullfont!
Missing character: There is no e ("65) in font nullfont!
Missing character: There is no > ("3E) in font nullfont!
Missing character: There is no < ("3C) in font nullfont!
Missing character: There is no / ("2F) in font nullfont!
Missing character: There is no a ("61) in font nullfont!
Missing character: There is no d ("64) in font nullfont!
Missing character: There is no d ("64) in font nullfont!
Missing character: There is no r ("72) in font nullfont!
Missing character: There is no e ("65) in font nullfont!
Missing character: There is no s ("73) in font nullfont!
Missing character: There is no s ("73) in font nullfont!
Missing character: There is no > ("3E) in font nullfont!
Missing character: There is no < ("3C) in font nullfont!
Missing character: There is no / ("2F) in font nullfont!
Missing character: There is no f ("66) in font nullfont!
Missing character: There is no u ("75) in font nullfont!
Missing character: There is no n ("6E) in font nullfont!
Missing character: There is no d ("64) in font nullfont!
Missing character: There is no e ("65) in font nullfont!
Missing character: There is no r ("72) in font nullfont!
Missing character: There is no > ("3E) in font nullfont!
Missing character: There is no < ("3C) in font nullfont!
Missing character: There is no / ("2F) in font nullfont!
Missing character: There is no t ("74) in font nullfont!
Missing character: There is no i ("69) in font nullfont!
Missing character: There is no t ("74) in font nullfont!
Missing character: There is no l ("6C) in font nullfont!
Missing character: There is no e ("65) in font nullfont!
Missing character: There is no S ("53) in font nullfont!
Missing character: There is no t ("74) in font nullfont!
Missing character: There is no m ("6D) in font nullfont!
Missing character: There is no t ("74) in font nullfont!
Missing character: There is no > ("3E) in font nullfont!
Missing character: There is no < ("3C) in font nullfont!
Missing character: There is no e ("65) in font nullfont!
Missing character: There is no d ("64) in font nullfont!
Missing character: There is no i ("69) in font nullfont!
Missing character: There is no t ("74) in font nullfont!
Missing character: There is no i ("69) in font nullfont!
Missing character: There is no o ("6F) in font nullfont!
Missing character: There is no n ("6E) in font nullfont!
Missing character: There is no S ("53) in font nullfont!
Missing character: There is no t ("74) in font nullfont!
Missing character: There is no m ("6D) in font nullfont!
Missing character: There is no t ("74) in font nullfont!
Missing character: There is no > ("3E) in font nullfont!
Missing character: There is no < ("3C) in font nullfont!
Missing character: There is no e ("65) in font nullfont!
Missing character: There is no d ("64) in font nullfont!
Missing character: There is no i ("69) in font nullfont!
Missing character: There is no t ("74) in font nullfont!
Missing character: There is no i ("69) in font nullfont!
Missing character: There is no o ("6F) in font nullfont!
Missing character: There is no n ("6E) in font nullfont!
Missing character: There is no > ("3E) in font nullfont!
Missing character: There is no s ("73) in font nullfont!
Missing character: There is no c ("63) in font nullfont!
Missing character: There is no h ("68) in font nullfont!
Missing character: There is no n ("6E) in font nullfont!
Missing character: There is no i ("69) in font nullfont!
Missing character: There is no t ("74) in font nullfont!
Missing character: There is no z ("7A) in font nullfont!
Missing character: There is no l ("6C) in font nullfont!
Missing character: There is no e ("65) in font nullfont!
Missing character: There is no r ("72) in font nullfont!
Missing character: There is no - ("2D) in font nullfont!
Missing character: There is no b ("62) in font nullfont!
Missing character: There is no r ("72) in font nullfont!
Missing character: There is no i ("69) in font nullfont!
Missing character: There is no e ("65) in font nullfont!
Missing character: There is no f ("66) in font nullfont!
Missing character: There is no e ("65) in font nullfont!
Missing character: There is no < ("3C) in font nullfont!
Missing character: There is no / ("2F) in font nullfont!
Missing character: There is no e ("65) in font nullfont!
Missing character: There is no d ("64) in font nullfont!
Missing character: There is no i ("69) in font nullfont!
Missing character: There is no t ("74) in font nullfont!
Missing character: There is no i ("69) in font nullfont!
Missing character: There is no o ("6F) in font nullfont!
Missing character: There is no n ("6E) in font nullfont!
Missing character: There is no > ("3E) in font nullfont!
Missing character: There is no < ("3C) in font nullfont!
Missing character: There is no r ("72) in font nullfont!
Missing character: There is no e ("65) in font nullfont!
Missing character: There is no s ("73) in font nullfont!
Missing character: There is no p ("70) in font nullfont!
Missing character: There is no S ("53) in font nullfont!
Missing character: There is no t ("74) in font nullfont!
Missing character: There is no m ("6D) in font nullfont!
Missing character: There is no t ("74) in font nullfont!
Missing character: There is no > ("3E) in font nullfont!
Missing character: There is no < ("3C) in font nullfont!
Missing character: There is no r ("72) in font nullfont!
Missing character: There is no e ("65) in font nullfont!
Missing character: There is no s ("73) in font nullfont!
Missing character: There is no p ("70) in font nullfont!
Missing character: There is no > ("3E) in font nullfont!
Missing character: There is no T ("54) in font nullfont!
Missing character: There is no r ("72) in font nullfont!
Missing character: There is no a ("61) in font nullfont!
Missing character: There is no n ("6E) in font nullfont!
Missing character: There is no s ("73) in font nullfont!
Missing character: There is no k ("6B) in font nullfont!
Missing character: There is no r ("72) in font nullfont!
Missing character: There is no i ("69) in font nullfont!
Missing character: There is no p ("70) in font nullfont!
Missing character: There is no t ("74) in font nullfont!
Missing character: There is no i ("69) in font nullfont!
Missing character: There is no o ("6F) in font nullfont!
Missing character: There is no n ("6E) in font nullfont!
Missing character: There is no u ("75) in font nullfont!
Missing character: There is no n ("6E) in font nullfont!
Missing character: There is no d ("64) in font nullfont!
Missing character: There is no K ("4B) in font nullfont!
Missing character: There is no o ("6F) in font nullfont!
Missing character: There is no m ("6D) in font nullfont!
Missing character: There is no m ("6D) in font nullfont!
Missing character: There is no e ("65) in font nullfont!
Missing character: There is no n ("6E) in font nullfont!
Missing character: There is no t ("74) in font nullfont!
Missing character: There is no i ("69) in font nullfont!
Missing character: There is no e ("65) in font nullfont!
Missing character: There is no r ("72) in font nullfont!
Missing character: There is no u ("75) in font nullfont!
Missing character: There is no n ("6E) in font nullfont!
Missing character: There is no g ("67) in font nullfont!
Missing character: There is no < ("3C) in font nullfont!
Missing character: There is no / ("2F) in font nullfont!
Missing character: There is no r ("72) in font nullfont!
Missing character: There is no e ("65) in font nullfont!
Missing character: There is no s ("73) in font nullfont!
Missing character: There is no p ("70) in font nullfont!
Missing character: There is no > ("3E) in font nullfont!
Missing character: There is no < ("3C) in font nullfont!
Missing character: There is no p ("70) in font nullfont!
Missing character: There is no e ("65) in font nullfont!
Missing character: There is no r ("72) in font nullfont!
Missing character: There is no s ("73) in font nullfont!
Missing character: There is no N ("4E) in font nullfont!
Missing character: There is no a ("61) in font nullfont!
Missing character: There is no m ("6D) in font nullfont!
Missing character: There is no e ("65) in font nullfont!
Missing character: There is no > ("3E) in font nullfont!
Missing character: There is no J ("4A) in font nullfont!
Missing character: There is no a ("61) in font nullfont!
Missing character: There is no h ("68) in font nullfont!
Missing character: There is no n ("6E) in font nullfont!
Missing character: There is no k ("6B) in font nullfont!
Missing character: There is no e ("65) in font nullfont!
Missing character: There is no , ("2C) in font nullfont!
Missing character: There is no S ("53) in font nullfont!
Missing character: There is no e ("65) in font nullfont!
Missing character: There is no l ("6C) in font nullfont!
Missing character: There is no m ("6D) in font nullfont!
Missing character: There is no a ("61) in font nullfont!
Missing character: There is no < ("3C) in font nullfont!
Missing character: There is no / ("2F) in font nullfont!
Missing character: There is no p ("70) in font nullfont!
Missing character: There is no e ("65) in font nullfont!
Missing character: There is no r ("72) in font nullfont!
Missing character: There is no s ("73) in font nullfont!
Missing character: There is no N ("4E) in font nullfont!
Missing character: There is no a ("61) in font nullfont!
Missing character: There is no m ("6D) in font nullfont!
Missing character: There is no e ("65) in font nullfont!
Missing character: There is no > ("3E) in font nullfont!
Missing character: There is no < ("3C) in font nullfont!
Missing character: There is no p ("70) in font nullfont!
Missing character: There is no e ("65) in font nullfont!
Missing character: There is no r ("72) in font nullfont!
Missing character: There is no s ("73) in font nullfont!
Missing character: There is no N ("4E) in font nullfont!
Missing character: There is no a ("61) in font nullfont!
Missing character: There is no m ("6D) in font nullfont!
Missing character: There is no e ("65) in font nullfont!
Missing character: There is no > ("3E) in font nullfont!
Missing character: There is no M ("4D) in font nullfont!
Missing character: There is no ü ("FC) in font nullfont!
Missing character: There is no l ("6C) in font nullfont!
Missing character: There is no l ("6C) in font nullfont!
Missing character: There is no e ("65) in font nullfont!
Missing character: There is no r ("72) in font nullfont!
Missing character: There is no , ("2C) in font nullfont!
Missing character: There is no M ("4D) in font nullfont!
Missing character: There is no a ("61) in font nullfont!
Missing character: There is no r ("72) in font nullfont!
Missing character: There is no t ("74) in font nullfont!
Missing character: There is no i ("69) in font nullfont!
Missing character: There is no n ("6E) in font nullfont!
Missing character: There is no A ("41) in font nullfont!
Missing character: There is no n ("6E) in font nullfont!
Missing character: There is no t ("74) in font nullfont!
Missing character: There is no o ("6F) in font nullfont!
Missing character: There is no n ("6E) in font nullfont!
Missing character: There is no < ("3C) in font nullfont!
Missing character: There is no / ("2F) in font nullfont!
Missing character: There is no p ("70) in font nullfont!
Missing character: There is no e ("65) in font nullfont!
Missing character: There is no r ("72) in font nullfont!
Missing character: There is no s ("73) in font nullfont!
Missing character: There is no N ("4E) in font nullfont!
Missing character: There is no a ("61) in font nullfont!
Missing character: There is no m ("6D) in font nullfont!
Missing character: There is no e ("65) in font nullfont!
Missing character: There is no > ("3E) in font nullfont!
Missing character: There is no < ("3C) in font nullfont!
Missing character: There is no / ("2F) in font nullfont!
Missing character: There is no r ("72) in font nullfont!
Missing character: There is no e ("65) in font nullfont!
Missing character: There is no s ("73) in font nullfont!
Missing character: There is no p ("70) in font nullfont!
Missing character: There is no S ("53) in font nullfont!
Missing character: There is no t ("74) in font nullfont!
Missing character: There is no m ("6D) in font nullfont!
Missing character: There is no t ("74) in font nullfont!
Missing character: There is no > ("3E) in font nullfont!
Missing character: There is no < ("3C) in font nullfont!
Missing character: There is no / ("2F) in font nullfont!
Missing character: There is no e ("65) in font nullfont!
Missing character: There is no d ("64) in font nullfont!
Missing character: There is no i ("69) in font nullfont!
Missing character: There is no t ("74) in font nullfont!
Missing character: There is no i ("69) in font nullfont!
Missing character: There is no o ("6F) in font nullfont!
Missing character: There is no n ("6E) in font nullfont!
Missing character: There is no S ("53) in font nullfont!
Missing character: There is no t ("74) in font nullfont!
Missing character: There is no m ("6D) in font nullfont!
Missing character: There is no t ("74) in font nullfont!
Missing character: There is no > ("3E) in font nullfont!
Missing character: There is no < ("3C) in font nullfont!
Missing character: There is no p ("70) in font nullfont!
Missing character: There is no u ("75) in font nullfont!
Missing character: There is no b ("62) in font nullfont!
Missing character: There is no l ("6C) in font nullfont!
Missing character: There is no i ("69) in font nullfont!
Missing character: There is no c ("63) in font nullfont!
Missing character: There is no a ("61) in font nullfont!
Missing character: There is no t ("74) in font nullfont!
Missing character: There is no i ("69) in font nullfont!
Missing character: There is no o ("6F) in font nullfont!
Missing character: There is no n ("6E) in font nullfont!
Missing character: There is no S ("53) in font nullfont!
Missing character: There is no t ("74) in font nullfont!
Missing character: There is no m ("6D) in font nullfont!
Missing character: There is no t ("74) in font nullfont!
Missing character: There is no > ("3E) in font nullfont!
Missing character: There is no < ("3C) in font nullfont!
Missing character: There is no p ("70) in font nullfont!
Missing character: There is no u ("75) in font nullfont!
Missing character: There is no b ("62) in font nullfont!
Missing character: There is no l ("6C) in font nullfont!
Missing character: There is no i ("69) in font nullfont!
Missing character: There is no s ("73) in font nullfont!
Missing character: There is no h ("68) in font nullfont!
Missing character: There is no e ("65) in font nullfont!
Missing character: There is no r ("72) in font nullfont!
Missing character: There is no > ("3E) in font nullfont!
Missing character: There is no A ("41) in font nullfont!
Missing character: There is no u ("75) in font nullfont!
Missing character: There is no s ("73) in font nullfont!
Missing character: There is no t ("74) in font nullfont!
Missing character: There is no r ("72) in font nullfont!
Missing character: There is no i ("69) in font nullfont!
Missing character: There is no a ("61) in font nullfont!
Missing character: There is no n ("6E) in font nullfont!
Missing character: There is no C ("43) in font nullfont!
Missing character: There is no e ("65) in font nullfont!
Missing character: There is no n ("6E) in font nullfont!
Missing character: There is no t ("74) in font nullfont!
Missing character: There is no r ("72) in font nullfont!
Missing character: There is no e ("65) in font nullfont!
Missing character: There is no f ("66) in font nullfont!
Missing character: There is no o ("6F) in font nullfont!
Missing character: There is no r ("72) in font nullfont!
Missing character: There is no D ("44) in font nullfont!
Missing character: There is no i ("69) in font nullfont!
Missing character: There is no g ("67) in font nullfont!
Missing character: There is no i ("69) in font nullfont!
Missing character: There is no t ("74) in font nullfont!
Missing character: There is no a ("61) in font nullfont!
Missing character: There is no l ("6C) in font nullfont!
Missing character: There is no H ("48) in font nullfont!
Missing character: There is no u ("75) in font nullfont!
Missing character: There is no m ("6D) in font nullfont!
Missing character: There is no a ("61) in font nullfont!
Missing character: There is no n ("6E) in font nullfont!
Missing character: There is no i ("69) in font nullfont!
Missing character: There is no t ("74) in font nullfont!
Missing character: There is no i ("69) in font nullfont!
Missing character: There is no e ("65) in font nullfont!
Missing character: There is no s ("73) in font nullfont!
Missing character: There is no < ("3C) in font nullfont!
Missing character: There is no / ("2F) in font nullfont!
Missing character: There is no p ("70) in font nullfont!
Missing character: There is no u ("75) in font nullfont!
Missing character: There is no b ("62) in font nullfont!
Missing character: There is no l ("6C) in font nullfont!
Missing character: There is no i ("69) in font nullfont!
Missing character: There is no s ("73) in font nullfont!
Missing character: There is no h ("68) in font nullfont!
Missing character: There is no e ("65) in font nullfont!
Missing character: There is no r ("72) in font nullfont!
Missing character: There is no > ("3E) in font nullfont!
Missing character: There is no < ("3C) in font nullfont!
Missing character: There is no p ("70) in font nullfont!
Missing character: There is no u ("75) in font nullfont!
Missing character: There is no b ("62) in font nullfont!
Missing character: There is no P ("50) in font nullfont!
Missing character: There is no l ("6C) in font nullfont!
Missing character: There is no a ("61) in font nullfont!
Missing character: There is no c ("63) in font nullfont!
Missing character: There is no e ("65) in font nullfont!
Missing character: There is no > ("3E) in font nullfont!
Missing character: There is no V ("56) in font nullfont!
Missing character: There is no i ("69) in font nullfont!
Missing character: There is no e ("65) in font nullfont!
Missing character: There is no n ("6E) in font nullfont!
Missing character: There is no n ("6E) in font nullfont!
Missing character: There is no a ("61) in font nullfont!
Missing character: There is no < ("3C) in font nullfont!
Missing character: There is no / ("2F) in font nullfont!
Missing character: There is no p ("70) in font nullfont!
Missing character: There is no u ("75) in font nullfont!
Missing character: There is no b ("62) in font nullfont!
Missing character: There is no P ("50) in font nullfont!
Missing character: There is no l ("6C) in font nullfont!
Missing character: There is no a ("61) in font nullfont!
Missing character: There is no c ("63) in font nullfont!
Missing character: There is no e ("65) in font nullfont!
Missing character: There is no > ("3E) in font nullfont!
Missing character: There is no < ("3C) in font nullfont!
Missing character: There is no d ("64) in font nullfont!
Missing character: There is no a ("61) in font nullfont!
Missing character: There is no t ("74) in font nullfont!
Missing character: There is no e ("65) in font nullfont!
Missing character: There is no w ("77) in font nullfont!
Missing character: There is no h ("68) in font nullfont!
Missing character: There is no e ("65) in font nullfont!
Missing character: There is no n ("6E) in font nullfont!
Missing character: There is no = ("3D) in font nullfont!
Missing character: There is no " ("22) in font nullfont!
Missing character: There is no 2 ("32) in font nullfont!
Missing character: There is no 0 ("30) in font nullfont!
Missing character: There is no 2 ("32) in font nullfont!
Missing character: There is no 6 ("36) in font nullfont!
Missing character: There is no " ("22) in font nullfont!
Missing character: There is no > ("3E) in font nullfont!
Missing character: There is no 2 ("32) in font nullfont!
Missing character: There is no 0 ("30) in font nullfont!
Missing character: There is no 2 ("32) in font nullfont!
Missing character: There is no 6 ("36) in font nullfont!
Missing character: There is no < ("3C) in font nullfont!
Missing character: There is no / ("2F) in font nullfont!
Missing character: There is no d ("64) in font nullfont!
Missing character: There is no a ("61) in font nullfont!
Missing character: There is no t ("74) in font nullfont!
Missing character: There is no e ("65) in font nullfont!
Missing character: There is no > ("3E) in font nullfont!
Missing character: There is no < ("3C) in font nullfont!
Missing character: There is no a ("61) in font nullfont!
Missing character: There is no v ("76) in font nullfont!
Missing character: There is no a ("61) in font nullfont!
Missing character: There is no i ("69) in font nullfont!
Missing character: There is no l ("6C) in font nullfont!
Missing character: There is no a ("61) in font nullfont!
Missing character: There is no b ("62) in font nullfont!
Missing character: There is no i ("69) in font nullfont!
Missing character: There is no l ("6C) in font nullfont!
Missing character: There is no i ("69) in font nullfont!
Missing character: There is no t ("74) in font nullfont!
Missing character: There is no y ("79) in font nullfont!
Missing character: There is no > ("3E) in font nullfont!
Missing character: There is no < ("3C) in font nullfont!
Missing character: There is no l ("6C) in font nullfont!
Missing character: There is no i ("69) in font nullfont!
Missing character: There is no c ("63) in font nullfont!
Missing character: There is no e ("65) in font nullfont!
Missing character: There is no n ("6E) in font nullfont!
Missing character: There is no c ("63) in font nullfont!
Missing character: There is no e ("65) in font nullfont!
Missing character: There is no t ("74) in font nullfont!
Missing character: There is no a ("61) in font nullfont!
Missing character: There is no r ("72) in font nullfont!
Missing character: There is no g ("67) in font nullfont!
Missing character: There is no e ("65) in font nullfont!
Missing character: There is no t ("74) in font nullfont!
Missing character: There is no = ("3D) in font nullfont!
Missing character: There is no " ("22) in font nullfont!
Missing character: There is no h ("68) in font nullfont!
Missing character: There is no t ("74) in font nullfont!
Missing character: There is no t ("74) in font nullfont!
Missing character: There is no p ("70) in font nullfont!
Missing character: There is no s ("73) in font nullfont!
Missing character: There is no : ("3A) in font nullfont!
Missing character: There is no / ("2F) in font nullfont!
Missing character: There is no / ("2F) in font nullfont!
Missing character: There is no c ("63) in font nullfont!
Missing character: There is no r ("72) in font nullfont!
Missing character: There is no e ("65) in font nullfont!
Missing character: There is no a ("61) in font nullfont!
Missing character: There is no t ("74) in font nullfont!
Missing character: There is no i ("69) in font nullfont!
Missing character: There is no v ("76) in font nullfont!
Missing character: There is no e ("65) in font nullfont!
Missing character: There is no c ("63) in font nullfont!
Missing character: There is no o ("6F) in font nullfont!
Missing character: There is no m ("6D) in font nullfont!
Missing character: There is no m ("6D) in font nullfont!
Missing character: There is no o ("6F) in font nullfont!
Missing character: There is no n ("6E) in font nullfont!
Missing character: There is no s ("73) in font nullfont!
Missing character: There is no . ("2E) in font nullfont!
Missing character: There is no o ("6F) in font nullfont!
Missing character: There is no r ("72) in font nullfont!
Missing character: There is no g ("67) in font nullfont!
Missing character: There is no / ("2F) in font nullfont!
Missing character: There is no l ("6C) in font nullfont!
Missing character: There is no i ("69) in font nullfont!
Missing character: There is no c ("63) in font nullfont!
Missing character: There is no e ("65) in font nullfont!
Missing character: There is no n ("6E) in font nullfont!
Missing character: There is no s ("73) in font nullfont!
Missing character: There is no e ("65) in font nullfont!
Missing character: There is no s ("73) in font nullfont!
Missing character: There is no / ("2F) in font nullfont!
Missing character: There is no b ("62) in font nullfont!
Missing character: There is no y ("79) in font nullfont!
Missing character: There is no / ("2F) in font nullfont!
Missing character: There is no 4 ("34) in font nullfont!
Missing character: There is no . ("2E) in font nullfont!
Missing character: There is no 0 ("30) in font nullfont!
Missing character: There is no / ("2F) in font nullfont!
Missing character: There is no d ("64) in font nullfont!
Missing character: There is no e ("65) in font nullfont!
Missing character: There is no e ("65) in font nullfont!
Missing character: There is no d ("64) in font nullfont!
Missing character: There is no . ("2E) in font nullfont!
Missing character: There is no d ("64) in font nullfont!
Missing character: There is no e ("65) in font nullfont!
Missing character: There is no " ("22) in font nullfont!
Missing character: There is no > ("3E) in font nullfont!
Missing character: There is no < ("3C) in font nullfont!
Missing character: There is no p ("70) in font nullfont!
Missing character: There is no > ("3E) in font nullfont!
Missing character: There is no S ("53) in font nullfont!
Missing character: There is no i ("69) in font nullfont!
Missing character: There is no e ("65) in font nullfont!
Missing character: There is no d ("64) in font nullfont!
Missing character: There is no ü ("FC) in font nullfont!
Missing character: There is no r ("72) in font nullfont!
Missing character: There is no f ("66) in font nullfont!
Missing character: There is no e ("65) in font nullfont!
Missing character: There is no n ("6E) in font nullfont!
Missing character: There is no : ("3A) in font nullfont!
Missing character: There is no T ("54) in font nullfont!
Missing character: There is no e ("65) in font nullfont!
Missing character: There is no i ("69) in font nullfont!
Missing character: There is no l ("6C) in font nullfont!
Missing character: There is no e ("65) in font nullfont!
Missing character: There is no n ("6E) in font nullfont!
Missing character: There is no — ("2014) in font nullfont!
Missing character: There is no d ("64) in font nullfont!
Missing character: There is no a ("61) in font nullfont!
Missing character: There is no s ("73) in font nullfont!
Missing character: There is no M ("4D) in font nullfont!
Missing character: There is no a ("61) in font nullfont!
Missing character: There is no t ("74) in font nullfont!
Missing character: There is no e ("65) in font nullfont!
Missing character: There is no r ("72) in font nullfont!
Missing character: There is no i ("69) in font nullfont!
Missing character: There is no a ("61) in font nullfont!
Missing character: There is no l ("6C) in font nullfont!
Missing character: There is no i ("69) in font nullfont!
Missing character: There is no n ("6E) in font nullfont!
Missing character: There is no j ("6A) in font nullfont!
Missing character: There is no e ("65) in font nullfont!
Missing character: There is no d ("64) in font nullfont!
Missing character: There is no w ("77) in font nullfont!
Missing character: There is no e ("65) in font nullfont!
Missing character: There is no d ("64) in font nullfont!
Missing character: There is no e ("65) in font nullfont!
Missing character: There is no m ("6D) in font nullfont!
Missing character: There is no F ("46) in font nullfont!
Missing character: There is no o ("6F) in font nullfont!
Missing character: There is no r ("72) in font nullfont!
Missing character: There is no m ("6D) in font nullfont!
Missing character: There is no a ("61) in font nullfont!
Missing character: There is no t ("74) in font nullfont!
Missing character: There is no o ("6F) in font nullfont!
Missing character: There is no d ("64) in font nullfont!
Missing character: There is no e ("65) in font nullfont!
Missing character: There is no r ("72) in font nullfont!
Missing character: There is no M ("4D) in font nullfont!
Missing character: There is no e ("65) in font nullfont!
Missing character: There is no d ("64) in font nullfont!
Missing character: There is no i ("69) in font nullfont!
Missing character: There is no u ("75) in font nullfont!
Missing character: There is no m ("6D) in font nullfont!
Missing character: There is no v ("76) in font nullfont!
Missing character: There is no e ("65) in font nullfont!
Missing character: There is no r ("72) in font nullfont!
Missing character: There is no v ("76) in font nullfont!
Missing character: There is no i ("69) in font nullfont!
Missing character: There is no e ("65) in font nullfont!
Missing character: There is no l ("6C) in font nullfont!
Missing character: There is no f ("66) in font nullfont!
Missing character: There is no ä ("E4) in font nullfont!
Missing character: There is no l ("6C) in font nullfont!
Missing character: There is no t ("74) in font nullfont!
Missing character: There is no i ("69) in font nullfont!
Missing character: There is no g ("67) in font nullfont!
Missing character: There is no e ("65) in font nullfont!
Missing character: There is no n ("6E) in font nullfont!
Missing character: There is no u ("75) in font nullfont!
Missing character: There is no n ("6E) in font nullfont!
Missing character: There is no d ("64) in font nullfont!
Missing character: There is no w ("77) in font nullfont!
Missing character: There is no e ("65) in font nullfont!
Missing character: There is no i ("69) in font nullfont!
Missing character: There is no t ("74) in font nullfont!
Missing character: There is no e ("65) in font nullfont!
Missing character: There is no r ("72) in font nullfont!
Missing character: There is no v ("76) in font nullfont!
Missing character: There is no e ("65) in font nullfont!
Missing character: There is no r ("72) in font nullfont!
Missing character: There is no b ("62) in font nullfont!
Missing character: There is no r ("72) in font nullfont!
Missing character: There is no e ("65) in font nullfont!
Missing character: There is no i ("69) in font nullfont!
Missing character: There is no t ("74) in font nullfont!
Missing character: There is no e ("65) in font nullfont!
Missing character: There is no n ("6E) in font nullfont!
Missing character: There is no B ("42) in font nullfont!
Missing character: There is no e ("65) in font nullfont!
Missing character: There is no a ("61) in font nullfont!
Missing character: There is no r ("72) in font nullfont!
Missing character: There is no b ("62) in font nullfont!
Missing character: There is no e ("65) in font nullfont!
Missing character: There is no i ("69) in font nullfont!
Missing character: There is no t ("74) in font nullfont!
Missing character: There is no e ("65) in font nullfont!
Missing character: There is no n ("6E) in font nullfont!
Missing character: There is no — ("2014) in font nullfont!
Missing character: There is no d ("64) in font nullfont!
Missing character: There is no a ("61) in font nullfont!
Missing character: There is no s ("73) in font nullfont!
Missing character: There is no M ("4D) in font nullfont!
Missing character: There is no a ("61) in font nullfont!
Missing character: There is no t ("74) in font nullfont!
Missing character: There is no e ("65) in font nullfont!
Missing character: There is no r ("72) in font nullfont!
Missing character: There is no i ("69) in font nullfont!
Missing character: There is no a ("61) in font nullfont!
Missing character: There is no l ("6C) in font nullfont!
Missing character: There is no r ("72) in font nullfont!
Missing character: There is no e ("65) in font nullfont!
Missing character: There is no m ("6D) in font nullfont!
Missing character: There is no i ("69) in font nullfont!
Missing character: There is no x ("78) in font nullfont!
Missing character: There is no e ("65) in font nullfont!
Missing character: There is no n ("6E) in font nullfont!
Missing character: There is no , ("2C) in font nullfont!
Missing character: There is no v ("76) in font nullfont!
Missing character: There is no e ("65) in font nullfont!
Missing character: There is no r ("72) in font nullfont!
Missing character: There is no ä ("E4) in font nullfont!
Missing character: There is no n ("6E) in font nullfont!
Missing character: There is no d ("64) in font nullfont!
Missing character: There is no e ("65) in font nullfont!
Missing character: There is no r ("72) in font nullfont!
Missing character: There is no n ("6E) in font nullfont!
Missing character: There is no u ("75) in font nullfont!
Missing character: There is no n ("6E) in font nullfont!
Missing character: There is no d ("64) in font nullfont!
Missing character: There is no d ("64) in font nullfont!
Missing character: There is no a ("61) in font nullfont!
Missing character: There is no r ("72) in font nullfont!
Missing character: There is no a ("61) in font nullfont!
Missing character: There is no u ("75) in font nullfont!
Missing character: There is no f ("66) in font nullfont!
Missing character: There is no a ("61) in font nullfont!
Missing character: There is no u ("75) in font nullfont!
Missing character: There is no f ("66) in font nullfont!
Missing character: There is no b ("62) in font nullfont!
Missing character: There is no a ("61) in font nullfont!
Missing character: There is no u ("75) in font nullfont!
Missing character: There is no e ("65) in font nullfont!
Missing character: There is no n ("6E) in font nullfont!
Missing character: There is no u ("75) in font nullfont!
Missing character: There is no n ("6E) in font nullfont!
Missing character: There is no d ("64) in font nullfont!
Missing character: There is no z ("7A) in font nullfont!
Missing character: There is no w ("77) in font nullfont!
Missing character: There is no a ("61) in font nullfont!
Missing character: There is no r ("72) in font nullfont!
Missing character: There is no f ("66) in font nullfont!
Missing character: There is no ü ("FC) in font nullfont!
Missing character: There is no r ("72) in font nullfont!
Missing character: There is no b ("62) in font nullfont!
Missing character: There is no e ("65) in font nullfont!
Missing character: There is no l ("6C) in font nullfont!
Missing character: There is no i ("69) in font nullfont!
Missing character: There is no e ("65) in font nullfont!
Missing character: There is no b ("62) in font nullfont!
Missing character: There is no i ("69) in font nullfont!
Missing character: There is no g ("67) in font nullfont!
Missing character: There is no e ("65) in font nullfont!
Missing character: There is no Z ("5A) in font nullfont!
Missing character: There is no w ("77) in font nullfont!
Missing character: There is no e ("65) in font nullfont!
Missing character: There is no c ("63) in font nullfont!
Missing character: There is no k ("6B) in font nullfont!
Missing character: There is no e ("65) in font nullfont!
Missing character: There is no , ("2C) in font nullfont!
Missing character: There is no s ("73) in font nullfont!
Missing character: There is no o ("6F) in font nullfont!
Missing character: There is no g ("67) in font nullfont!
Missing character: There is no a ("61) in font nullfont!
Missing character: There is no r ("72) in font nullfont!
Missing character: There is no k ("6B) in font nullfont!
Missing character: There is no o ("6F) in font nullfont!
Missing character: There is no m ("6D) in font nullfont!
Missing character: There is no m ("6D) in font nullfont!
Missing character: There is no e ("65) in font nullfont!
Missing character: There is no r ("72) in font nullfont!
Missing character: There is no z ("7A) in font nullfont!
Missing character: There is no i ("69) in font nullfont!
Missing character: There is no e ("65) in font nullfont!
Missing character: There is no l ("6C) in font nullfont!
Missing character: There is no l ("6C) in font nullfont!
Missing character: There is no . ("2E) in font nullfont!
Missing character: There is no < ("3C) in font nullfont!
Missing character: There is no / ("2F) in font nullfont!
Missing character: There is no p ("70) in font nullfont!
Missing character: There is no > ("3E) in font nullfont!
Missing character: There is no < ("3C) in font nullfont!
Missing character: There is no p ("70) in font nullfont!
Missing character: There is no > ("3E) in font nullfont!
Missing character: There is no D ("44) in font nullfont!
Missing character: There is no e ("65) in font nullfont!
Missing character: There is no r ("72) in font nullfont!
Missing character: There is no L ("4C) in font nullfont!
Missing character: There is no i ("69) in font nullfont!
Missing character: There is no z ("7A) in font nullfont!
Missing character: There is no e ("65) in font nullfont!
Missing character: There is no n ("6E) in font nullfont!
Missing character: There is no z ("7A) in font nullfont!
Missing character: There is no g ("67) in font nullfont!
Missing character: There is no e ("65) in font nullfont!
Missing character: There is no b ("62) in font nullfont!
Missing character: There is no e ("65) in font nullfont!
Missing character: There is no r ("72) in font nullfont!
Missing character: There is no k ("6B) in font nullfont!
Missing character: There is no a ("61) in font nullfont!
Missing character: There is no n ("6E) in font nullfont!
Missing character: There is no n ("6E) in font nullfont!
Missing character: There is no d ("64) in font nullfont!
Missing character: There is no i ("69) in font nullfont!
Missing character: There is no e ("65) in font nullfont!
Missing character: There is no s ("73) in font nullfont!
Missing character: There is no e ("65) in font nullfont!
Missing character: There is no F ("46) in font nullfont!
Missing character: There is no r ("72) in font nullfont!
Missing character: There is no e ("65) in font nullfont!
Missing character: There is no i ("69) in font nullfont!
Missing character: There is no h ("68) in font nullfont!
Missing character: There is no e ("65) in font nullfont!
Missing character: There is no i ("69) in font nullfont!
Missing character: There is no t ("74) in font nullfont!
Missing character: There is no e ("65) in font nullfont!
Missing character: There is no n ("6E) in font nullfont!
Missing character: There is no n ("6E) in font nullfont!
Missing character: There is no i ("69) in font nullfont!
Missing character: There is no c ("63) in font nullfont!
Missing character: There is no h ("68) in font nullfont!
Missing character: There is no t ("74) in font nullfont!
Missing character: There is no w ("77) in font nullfont!
Missing character: There is no i ("69) in font nullfont!
Missing character: There is no d ("64) in font nullfont!
Missing character: There is no e ("65) in font nullfont!
Missing character: There is no r ("72) in font nullfont!
Missing character: There is no r ("72) in font nullfont!
Missing character: There is no u ("75) in font nullfont!
Missing character: There is no f ("66) in font nullfont!
Missing character: There is no e ("65) in font nullfont!
Missing character: There is no n ("6E) in font nullfont!
Missing character: There is no s ("73) in font nullfont!
Missing character: There is no o ("6F) in font nullfont!
Missing character: There is no l ("6C) in font nullfont!
Missing character: There is no a ("61) in font nullfont!
Missing character: There is no n ("6E) in font nullfont!
Missing character: There is no g ("67) in font nullfont!
Missing character: There is no e ("65) in font nullfont!
Missing character: There is no S ("53) in font nullfont!
Missing character: There is no i ("69) in font nullfont!
Missing character: There is no e ("65) in font nullfont!
Missing character: There is no s ("73) in font nullfont!
Missing character: There is no i ("69) in font nullfont!
Missing character: There is no c ("63) in font nullfont!
Missing character: There is no h ("68) in font nullfont!
Missing character: There is no a ("61) in font nullfont!
Missing character: There is no n ("6E) in font nullfont!
Missing character: There is no d ("64) in font nullfont!
Missing character: There is no i ("69) in font nullfont!
Missing character: There is no e ("65) in font nullfont!
Missing character: There is no L ("4C) in font nullfont!
Missing character: There is no i ("69) in font nullfont!
Missing character: There is no z ("7A) in font nullfont!
Missing character: There is no e ("65) in font nullfont!
Missing character: There is no n ("6E) in font nullfont!
Missing character: There is no z ("7A) in font nullfont!
Missing character: There is no b ("62) in font nullfont!
Missing character: There is no e ("65) in font nullfont!
Missing character: There is no d ("64) in font nullfont!
Missing character: There is no i ("69) in font nullfont!
Missing character: There is no n ("6E) in font nullfont!
Missing character: There is no g ("67) in font nullfont!
Missing character: There is no u ("75) in font nullfont!
Missing character: There is no n ("6E) in font nullfont!
Missing character: There is no g ("67) in font nullfont!
Missing character: There is no e ("65) in font nullfont!
Missing character: There is no n ("6E) in font nullfont!
Missing character: There is no h ("68) in font nullfont!
Missing character: There is no a ("61) in font nullfont!
Missing character: There is no l ("6C) in font nullfont!
Missing character: There is no t ("74) in font nullfont!
Missing character: There is no e ("65) in font nullfont!
Missing character: There is no n ("6E) in font nullfont!
Missing character: There is no . ("2E) in font nullfont!
Missing character: There is no U ("55) in font nullfont!
Missing character: There is no n ("6E) in font nullfont!
Missing character: There is no t ("74) in font nullfont!
Missing character: There is no e ("65) in font nullfont!
Missing character: There is no r ("72) in font nullfont!
Missing character: There is no f ("66) in font nullfont!
Missing character: There is no o ("6F) in font nullfont!
Missing character: There is no l ("6C) in font nullfont!
Missing character: There is no g ("67) in font nullfont!
Missing character: There is no e ("65) in font nullfont!
Missing character: There is no n ("6E) in font nullfont!
Missing character: There is no d ("64) in font nullfont!
Missing character: There is no e ("65) in font nullfont!
Missing character: There is no n ("6E) in font nullfont!
Missing character: There is no B ("42) in font nullfont!
Missing character: There is no e ("65) in font nullfont!
Missing character: There is no d ("64) in font nullfont!
Missing character: There is no i ("69) in font nullfont!
Missing character: There is no n ("6E) in font nullfont!
Missing character: There is no g ("67) in font nullfont!
Missing character: There is no u ("75) in font nullfont!
Missing character: There is no n ("6E) in font nullfont!
Missing character: There is no g ("67) in font nullfont!
Missing character: There is no e ("65) in font nullfont!
Missing character: There is no n ("6E) in font nullfont!
Missing character: There is no : ("3A) in font nullfont!
Missing character: There is no < ("3C) in font nullfont!
Missing character: There is no / ("2F) in font nullfont!
Missing character: There is no p ("70) in font nullfont!
Missing character: There is no > ("3E) in font nullfont!
Missing character: There is no < ("3C) in font nullfont!
Missing character: There is no p ("70) in font nullfont!
Missing character: There is no > ("3E) in font nullfont!
Missing character: There is no N ("4E) in font nullfont!
Missing character: There is no a ("61) in font nullfont!
Missing character: There is no m ("6D) in font nullfont!
Missing character: There is no e ("65) in font nullfont!
Missing character: There is no n ("6E) in font nullfont!
Missing character: There is no s ("73) in font nullfont!
Missing character: There is no n ("6E) in font nullfont!
Missing character: There is no e ("65) in font nullfont!
Missing character: There is no n ("6E) in font nullfont!
Missing character: There is no n ("6E) in font nullfont!
Missing character: There is no u ("75) in font nullfont!
Missing character: There is no n ("6E) in font nullfont!
Missing character: There is no g ("67) in font nullfont!
Missing character: There is no — ("2014) in font nullfont!
Missing character: There is no S ("53) in font nullfont!
Missing character: There is no i ("69) in font nullfont!
Missing character: There is no e ("65) in font nullfont!
Missing character: There is no m ("6D) in font nullfont!
Missing character: There is no ü ("FC) in font nullfont!
Missing character: There is no s ("73) in font nullfont!
Missing character: There is no s ("73) in font nullfont!
Missing character: There is no e ("65) in font nullfont!
Missing character: There is no n ("6E) in font nullfont!
Missing character: There is no a ("61) in font nullfont!
Missing character: There is no n ("6E) in font nullfont!
Missing character: There is no g ("67) in font nullfont!
Missing character: There is no e ("65) in font nullfont!
Missing character: There is no m ("6D) in font nullfont!
Missing character: There is no e ("65) in font nullfont!
Missing character: There is no s ("73) in font nullfont!
Missing character: There is no s ("73) in font nullfont!
Missing character: There is no e ("65) in font nullfont!
Missing character: There is no n ("6E) in font nullfont!
Missing character: There is no e ("65) in font nullfont!
Missing character: There is no U ("55) in font nullfont!
Missing character: There is no r ("72) in font nullfont!
Missing character: There is no h ("68) in font nullfont!
Missing character: There is no e ("65) in font nullfont!
Missing character: There is no b ("62) in font nullfont!
Missing character: There is no e ("65) in font nullfont!
Missing character: There is no r ("72) in font nullfont!
Missing character: There is no - ("2D) in font nullfont!
Missing character: There is no u ("75) in font nullfont!
Missing character: There is no n ("6E) in font nullfont!
Missing character: There is no d ("64) in font nullfont!
Missing character: There is no R ("52) in font nullfont!
Missing character: There is no e ("65) in font nullfont!
Missing character: There is no c ("63) in font nullfont!
Missing character: There is no h ("68) in font nullfont!
Missing character: There is no t ("74) in font nullfont!
Missing character: There is no e ("65) in font nullfont!
Missing character: There is no a ("61) in font nullfont!
Missing character: There is no n ("6E) in font nullfont!
Missing character: There is no g ("67) in font nullfont!
Missing character: There is no a ("61) in font nullfont!
Missing character: There is no b ("62) in font nullfont!
Missing character: There is no e ("65) in font nullfont!
Missing character: There is no n ("6E) in font nullfont!
Missing character: There is no m ("6D) in font nullfont!
Missing character: There is no a ("61) in font nullfont!
Missing character: There is no c ("63) in font nullfont!
Missing character: There is no h ("68) in font nullfont!
Missing character: There is no e ("65) in font nullfont!
Missing character: There is no n ("6E) in font nullfont!
Missing character: There is no , ("2C) in font nullfont!
Missing character: There is no e ("65) in font nullfont!
Missing character: There is no i ("69) in font nullfont!
Missing character: There is no n ("6E) in font nullfont!
Missing character: There is no e ("65) in font nullfont!
Missing character: There is no n ("6E) in font nullfont!
Missing character: There is no L ("4C) in font nullfont!
Missing character: There is no i ("69) in font nullfont!
Missing character: There is no n ("6E) in font nullfont!
Missing character: There is no k ("6B) in font nullfont!
Missing character: There is no z ("7A) in font nullfont!
Missing character: There is no u ("75) in font nullfont!
Missing character: There is no r ("72) in font nullfont!
Missing character: There is no L ("4C) in font nullfont!
Missing character: There is no i ("69) in font nullfont!
Missing character: There is no z ("7A) in font nullfont!
Missing character: There is no e ("65) in font nullfont!
Missing character: There is no n ("6E) in font nullfont!
Missing character: There is no z ("7A) in font nullfont!
Missing character: There is no b ("62) in font nullfont!
Missing character: There is no e ("65) in font nullfont!
Missing character: There is no i ("69) in font nullfont!
Missing character: There is no f ("66) in font nullfont!
Missing character: There is no ü ("FC) in font nullfont!
Missing character: There is no g ("67) in font nullfont!
Missing character: There is no e ("65) in font nullfont!
Missing character: There is no n ("6E) in font nullfont!
Missing character: There is no u ("75) in font nullfont!
Missing character: There is no n ("6E) in font nullfont!
Missing character: There is no d ("64) in font nullfont!
Missing character: There is no a ("61) in font nullfont!
Missing character: There is no n ("6E) in font nullfont!
Missing character: There is no g ("67) in font nullfont!
Missing character: There is no e ("65) in font nullfont!
Missing character: There is no b ("62) in font nullfont!
Missing character: There is no e ("65) in font nullfont!
Missing character: There is no n ("6E) in font nullfont!
Missing character: There is no , ("2C) in font nullfont!
Missing character: There is no o ("6F) in font nullfont!
Missing character: There is no b ("62) in font nullfont!
Missing character: There is no Ä ("C4) in font nullfont!
Missing character: There is no n ("6E) in font nullfont!
Missing character: There is no d ("64) in font nullfont!
Missing character: There is no e ("65) in font nullfont!
Missing character: There is no r ("72) in font nullfont!
Missing character: There is no u ("75) in font nullfont!
Missing character: There is no n ("6E) in font nullfont!
Missing character: There is no g ("67) in font nullfont!
Missing character: There is no e ("65) in font nullfont!
Missing character: There is no n ("6E) in font nullfont!
Missing character: There is no v ("76) in font nullfont!
Missing character: There is no o ("6F) in font nullfont!
Missing character: There is no r ("72) in font nullfont!
Missing character: There is no g ("67) in font nullfont!
Missing character: There is no e ("65) in font nullfont!
Missing character: There is no n ("6E) in font nullfont!
Missing character: There is no o ("6F) in font nullfont!
Missing character: There is no m ("6D) in font nullfont!
Missing character: There is no m ("6D) in font nullfont!
Missing character: There is no e ("65) in font nullfont!
Missing character: There is no n ("6E) in font nullfont!
Missing character: There is no w ("77) in font nullfont!
Missing character: There is no u ("75) in font nullfont!
Missing character: There is no r ("72) in font nullfont!
Missing character: There is no d ("64) in font nullfont!
Missing character: There is no e ("65) in font nullfont!
Missing character: There is no n ("6E) in font nullfont!
Missing character: There is no . ("2E) in font nullfont!
Missing character: There is no D ("44) in font nullfont!
Missing character: There is no i ("69) in font nullfont!
Missing character: There is no e ("65) in font nullfont!
Missing character: There is no s ("73) in font nullfont!
Missing character: There is no e ("65) in font nullfont!
Missing character: There is no A ("41) in font nullfont!
Missing character: There is no n ("6E) in font nullfont!
Missing character: There is no g ("67) in font nullfont!
Missing character: There is no a ("61) in font nullfont!
Missing character: There is no b ("62) in font nullfont!
Missing character: There is no e ("65) in font nullfont!
Missing character: There is no n ("6E) in font nullfont!
Missing character: There is no d ("64) in font nullfont!
Missing character: There is no ü ("FC) in font nullfont!
Missing character: There is no r ("72) in font nullfont!
Missing character: There is no f ("66) in font nullfont!
Missing character: There is no e ("65) in font nullfont!
Missing character: There is no n ("6E) in font nullfont!
Missing character: There is no i ("69) in font nullfont!
Missing character: There is no n ("6E) in font nullfont!
Missing character: There is no j ("6A) in font nullfont!
Missing character: There is no e ("65) in font nullfont!
Missing character: There is no d ("64) in font nullfont!
Missing character: There is no e ("65) in font nullfont!
Missing character: There is no r ("72) in font nullfont!
Missing character: There is no a ("61) in font nullfont!
Missing character: There is no n ("6E) in font nullfont!
Missing character: There is no g ("67) in font nullfont!
Missing character: There is no e ("65) in font nullfont!
Missing character: There is no m ("6D) in font nullfont!
Missing character: There is no e ("65) in font nullfont!
Missing character: There is no s ("73) in font nullfont!
Missing character: There is no s ("73) in font nullfont!
Missing character: There is no e ("65) in font nullfont!
Missing character: There is no n ("6E) in font nullfont!
Missing character: There is no e ("65) in font nullfont!
Missing character: There is no n ("6E) in font nullfont!
Missing character: There is no A ("41) in font nullfont!
Missing character: There is no r ("72) in font nullfont!
Missing character: There is no t ("74) in font nullfont!
Missing character: There is no u ("75) in font nullfont!
Missing character: There is no n ("6E) in font nullfont!
Missing character: There is no d ("64) in font nullfont!
Missing character: There is no W ("57) in font nullfont!
Missing character: There is no e ("65) in font nullfont!
Missing character: There is no i ("69) in font nullfont!
Missing character: There is no s ("73) in font nullfont!
Missing character: There is no e ("65) in font nullfont!
Missing character: There is no g ("67) in font nullfont!
Missing character: There is no e ("65) in font nullfont!
Missing character: There is no m ("6D) in font nullfont!
Missing character: There is no a ("61) in font nullfont!
Missing character: There is no c ("63) in font nullfont!
Missing character: There is no h ("68) in font nullfont!
Missing character: There is no t ("74) in font nullfont!
Missing character: There is no w ("77) in font nullfont!
Missing character: There is no e ("65) in font nullfont!
Missing character: There is no r ("72) in font nullfont!
Missing character: There is no d ("64) in font nullfont!
Missing character: There is no e ("65) in font nullfont!
Missing character: There is no n ("6E) in font nullfont!
Missing character: There is no , ("2C) in font nullfont!
Missing character: There is no a ("61) in font nullfont!
Missing character: There is no l ("6C) in font nullfont!
Missing character: There is no l ("6C) in font nullfont!
Missing character: There is no e ("65) in font nullfont!
Missing character: There is no r ("72) in font nullfont!
Missing character: There is no d ("64) in font nullfont!
Missing character: There is no i ("69) in font nullfont!
Missing character: There is no n ("6E) in font nullfont!
Missing character: There is no g ("67) in font nullfont!
Missing character: There is no s ("73) in font nullfont!
Missing character: There is no n ("6E) in font nullfont!
Missing character: There is no i ("69) in font nullfont!
Missing character: There is no c ("63) in font nullfont!
Missing character: There is no h ("68) in font nullfont!
Missing character: There is no t ("74) in font nullfont!
Missing character: There is no s ("73) in font nullfont!
Missing character: There is no o ("6F) in font nullfont!
Missing character: There is no , ("2C) in font nullfont!
Missing character: There is no d ("64) in font nullfont!
Missing character: There is no a ("61) in font nullfont!
Missing character: There is no s ("73) in font nullfont!
Missing character: There is no s ("73) in font nullfont!
Missing character: There is no d ("64) in font nullfont!
Missing character: There is no e ("65) in font nullfont!
Missing character: There is no r ("72) in font nullfont!
Missing character: There is no E ("45) in font nullfont!
Missing character: There is no i ("69) in font nullfont!
Missing character: There is no n ("6E) in font nullfont!
Missing character: There is no d ("64) in font nullfont!
Missing character: There is no r ("72) in font nullfont!
Missing character: There is no u ("75) in font nullfont!
Missing character: There is no c ("63) in font nullfont!
Missing character: There is no k ("6B) in font nullfont!
Missing character: There is no e ("65) in font nullfont!
Missing character: There is no n ("6E) in font nullfont!
Missing character: There is no t ("74) in font nullfont!
Missing character: There is no s ("73) in font nullfont!
Missing character: There is no t ("74) in font nullfont!
Missing character: There is no e ("65) in font nullfont!
Missing character: There is no h ("68) in font nullfont!
Missing character: There is no t ("74) in font nullfont!
Missing character: There is no , ("2C) in font nullfont!
Missing character: There is no d ("64) in font nullfont!
Missing character: There is no e ("65) in font nullfont!
Missing character: There is no r ("72) in font nullfont!
Missing character: There is no L ("4C) in font nullfont!
Missing character: There is no i ("69) in font nullfont!
Missing character: There is no z ("7A) in font nullfont!
Missing character: There is no e ("65) in font nullfont!
Missing character: There is no n ("6E) in font nullfont!
Missing character: There is no z ("7A) in font nullfont!
Missing character: There is no g ("67) in font nullfont!
Missing character: There is no e ("65) in font nullfont!
Missing character: There is no b ("62) in font nullfont!
Missing character: There is no e ("65) in font nullfont!
Missing character: There is no r ("72) in font nullfont!
Missing character: There is no u ("75) in font nullfont!
Missing character: There is no n ("6E) in font nullfont!
Missing character: There is no t ("74) in font nullfont!
Missing character: There is no e ("65) in font nullfont!
Missing character: There is no r ("72) in font nullfont!
Missing character: There is no s ("73) in font nullfont!
Missing character: There is no t ("74) in font nullfont!
Missing character: There is no ü ("FC) in font nullfont!
Missing character: There is no t ("74) in font nullfont!
Missing character: There is no z ("7A) in font nullfont!
Missing character: There is no e ("65) in font nullfont!
Missing character: There is no g ("67) in font nullfont!
Missing character: There is no e ("65) in font nullfont!
Missing character: There is no r ("72) in font nullfont!
Missing character: There is no a ("61) in font nullfont!
Missing character: There is no d ("64) in font nullfont!
Missing character: There is no e ("65) in font nullfont!
Missing character: There is no S ("53) in font nullfont!
Missing character: There is no i ("69) in font nullfont!
Missing character: There is no e ("65) in font nullfont!
Missing character: There is no o ("6F) in font nullfont!
Missing character: There is no d ("64) in font nullfont!
Missing character: There is no e ("65) in font nullfont!
Missing character: There is no r ("72) in font nullfont!
Missing character: There is no I ("49) in font nullfont!
Missing character: There is no h ("68) in font nullfont!
Missing character: There is no r ("72) in font nullfont!
Missing character: There is no e ("65) in font nullfont!
Missing character: There is no N ("4E) in font nullfont!
Missing character: There is no u ("75) in font nullfont!
Missing character: There is no t ("74) in font nullfont!
Missing character: There is no z ("7A) in font nullfont!
Missing character: There is no u ("75) in font nullfont!
Missing character: There is no n ("6E) in font nullfont!
Missing character: There is no g ("67) in font nullfont!
Missing character: There is no b ("62) in font nullfont!
Missing character: There is no e ("65) in font nullfont!
Missing character: There is no s ("73) in font nullfont!
Missing character: There is no o ("6F) in font nullfont!
Missing character: There is no n ("6E) in font nullfont!
Missing character: There is no d ("64) in font nullfont!
Missing character: There is no e ("65) in font nullfont!
Missing character: There is no r ("72) in font nullfont!
Missing character: There is no s ("73) in font nullfont!
Missing character: There is no . ("2E) in font nullfont!
Missing character: There is no K ("4B) in font nullfont!
Missing character: There is no e ("65) in font nullfont!
Missing character: There is no i ("69) in font nullfont!
Missing character: There is no n ("6E) in font nullfont!
Missing character: There is no e ("65) in font nullfont!
Missing character: There is no w ("77) in font nullfont!
Missing character: There is no e ("65) in font nullfont!
Missing character: There is no i ("69) in font nullfont!
Missing character: There is no t ("74) in font nullfont!
Missing character: There is no e ("65) in font nullfont!
Missing character: There is no r ("72) in font nullfont!
Missing character: There is no e ("65) in font nullfont!
Missing character: There is no n ("6E) in font nullfont!
Missing character: There is no E ("45) in font nullfont!
Missing character: There is no i ("69) in font nullfont!
Missing character: There is no n ("6E) in font nullfont!
Missing character: There is no s ("73) in font nullfont!
Missing character: There is no c ("63) in font nullfont!
Missing character: There is no h ("68) in font nullfont!
Missing character: There is no r ("72) in font nullfont!
Missing character: There is no ä ("E4) in font nullfont!
Missing character: There is no n ("6E) in font nullfont!
Missing character: There is no k ("6B) in font nullfont!
Missing character: There is no u ("75) in font nullfont!
Missing character: There is no n ("6E) in font nullfont!
Missing character: There is no g ("67) in font nullfont!
Missing character: There is no e ("65) in font nullfont!
Missing character: There is no n ("6E) in font nullfont!
Missing character: There is no — ("2014) in font nullfont!
Missing character: There is no S ("53) in font nullfont!
Missing character: There is no i ("69) in font nullfont!
Missing character: There is no e ("65) in font nullfont!
Missing character: There is no d ("64) in font nullfont!
Missing character: There is no ü ("FC) in font nullfont!
Missing character: There is no r ("72) in font nullfont!
Missing character: There is no f ("66) in font nullfont!
Missing character: There is no e ("65) in font nullfont!
Missing character: There is no n ("6E) in font nullfont!
Missing character: There is no k ("6B) in font nullfont!
Missing character: There is no e ("65) in font nullfont!
Missing character: There is no i ("69) in font nullfont!
Missing character: There is no n ("6E) in font nullfont!
Missing character: There is no e ("65) in font nullfont!
Missing character: There is no z ("7A) in font nullfont!
Missing character: There is no u ("75) in font nullfont!
Missing character: There is no s ("73) in font nullfont!
Missing character: There is no ä ("E4) in font nullfont!
Missing character: There is no t ("74) in font nullfont!
Missing character: There is no z ("7A) in font nullfont!
Missing character: There is no l ("6C) in font nullfont!
Missing character: There is no i ("69) in font nullfont!
Missing character: There is no c ("63) in font nullfont!
Missing character: There is no h ("68) in font nullfont!
Missing character: There is no e ("65) in font nullfont!
Missing character: There is no n ("6E) in font nullfont!
Missing character: There is no K ("4B) in font nullfont!
Missing character: There is no l ("6C) in font nullfont!
Missing character: There is no a ("61) in font nullfont!
Missing character: There is no u ("75) in font nullfont!
Missing character: There is no s ("73) in font nullfont!
Missing character: There is no e ("65) in font nullfont!
Missing character: There is no l ("6C) in font nullfont!
Missing character: There is no n ("6E) in font nullfont!
Missing character: There is no o ("6F) in font nullfont!
Missing character: There is no d ("64) in font nullfont!
Missing character: There is no e ("65) in font nullfont!
Missing character: There is no r ("72) in font nullfont!
Missing character: There is no t ("74) in font nullfont!
Missing character: There is no e ("65) in font nullfont!
Missing character: There is no c ("63) in font nullfont!
Missing character: There is no h ("68) in font nullfont!
Missing character: There is no n ("6E) in font nullfont!
Missing character: There is no i ("69) in font nullfont!
Missing character: There is no s ("73) in font nullfont!
Missing character: There is no c ("63) in font nullfont!
Missing character: There is no h ("68) in font nullfont!
Missing character: There is no e ("65) in font nullfont!
Missing character: There is no V ("56) in font nullfont!
Missing character: There is no e ("65) in font nullfont!
Missing character: There is no r ("72) in font nullfont!
Missing character: There is no f ("66) in font nullfont!
Missing character: There is no a ("61) in font nullfont!
Missing character: There is no h ("68) in font nullfont!
Missing character: There is no r ("72) in font nullfont!
Missing character: There is no e ("65) in font nullfont!
Missing character: There is no n ("6E) in font nullfont!
Missing character: There is no e ("65) in font nullfont!
Missing character: There is no i ("69) in font nullfont!
Missing character: There is no n ("6E) in font nullfont!
Missing character: There is no s ("73) in font nullfont!
Missing character: There is no e ("65) in font nullfont!
Missing character: There is no t ("74) in font nullfont!
Missing character: There is no z ("7A) in font nullfont!
Missing character: There is no e ("65) in font nullfont!
Missing character: There is no n ("6E) in font nullfont!
Missing character: There is no , ("2C) in font nullfont!
Missing character: There is no d ("64) in font nullfont!
Missing character: There is no i ("69) in font nullfont!
Missing character: There is no e ("65) in font nullfont!
Missing character: There is no a ("61) in font nullfont!
Missing character: There is no n ("6E) in font nullfont!
Missing character: There is no d ("64) in font nullfont!
Missing character: There is no e ("65) in font nullfont!
Missing character: There is no r ("72) in font nullfont!
Missing character: There is no e ("65) in font nullfont!
Missing character: There is no n ("6E) in font nullfont!
Missing character: There is no r ("72) in font nullfont!
Missing character: There is no e ("65) in font nullfont!
Missing character: There is no c ("63) in font nullfont!
Missing character: There is no h ("68) in font nullfont!
Missing character: There is no t ("74) in font nullfont!
Missing character: There is no l ("6C) in font nullfont!
Missing character: There is no i ("69) in font nullfont!
Missing character: There is no c ("63) in font nullfont!
Missing character: There is no h ("68) in font nullfont!
Missing character: There is no i ("69) in font nullfont!
Missing character: There is no r ("72) in font nullfont!
Missing character: There is no g ("67) in font nullfont!
Missing character: There is no e ("65) in font nullfont!
Missing character: There is no n ("6E) in font nullfont!
Missing character: There is no d ("64) in font nullfont!
Missing character: There is no e ("65) in font nullfont!
Missing character: There is no t ("74) in font nullfont!
Missing character: There is no w ("77) in font nullfont!
Missing character: There is no a ("61) in font nullfont!
Missing character: There is no s ("73) in font nullfont!
Missing character: There is no u ("75) in font nullfont!
Missing character: There is no n ("6E) in font nullfont!
Missing character: There is no t ("74) in font nullfont!
Missing character: There is no e ("65) in font nullfont!
Missing character: There is no r ("72) in font nullfont!
Missing character: There is no s ("73) in font nullfont!
Missing character: There is no a ("61) in font nullfont!
Missing character: There is no g ("67) in font nullfont!
Missing character: There is no e ("65) in font nullfont!
Missing character: There is no n ("6E) in font nullfont!
Missing character: There is no , ("2C) in font nullfont!
Missing character: There is no w ("77) in font nullfont!
Missing character: There is no a ("61) in font nullfont!
Missing character: There is no s ("73) in font nullfont!
Missing character: There is no d ("64) in font nullfont!
Missing character: There is no i ("69) in font nullfont!
Missing character: There is no e ("65) in font nullfont!
Missing character: There is no L ("4C) in font nullfont!
Missing character: There is no i ("69) in font nullfont!
Missing character: There is no z ("7A) in font nullfont!
Missing character: There is no e ("65) in font nullfont!
Missing character: There is no n ("6E) in font nullfont!
Missing character: There is no z ("7A) in font nullfont!
Missing character: There is no e ("65) in font nullfont!
Missing character: There is no r ("72) in font nullfont!
Missing character: There is no l ("6C) in font nullfont!
Missing character: There is no a ("61) in font nullfont!
Missing character: There is no u ("75) in font nullfont!
Missing character: There is no b ("62) in font nullfont!
Missing character: There is no t ("74) in font nullfont!
Missing character: There is no . ("2E) in font nullfont!
Missing character: There is no < ("3C) in font nullfont!
Missing character: There is no / ("2F) in font nullfont!
Missing character: There is no p ("70) in font nullfont!
Missing character: There is no > ("3E) in font nullfont!
Missing character: There is no < ("3C) in font nullfont!
Missing character: There is no p ("70) in font nullfont!
Missing character: There is no > ("3E) in font nullfont!
Missing character: There is no H ("48) in font nullfont!
Missing character: There is no i ("69) in font nullfont!
Missing character: There is no n ("6E) in font nullfont!
Missing character: There is no w ("77) in font nullfont!
Missing character: There is no e ("65) in font nullfont!
Missing character: There is no i ("69) in font nullfont!
Missing character: There is no s ("73) in font nullfont!
Missing character: There is no e ("65) in font nullfont!
Missing character: There is no : ("3A) in font nullfont!
Missing character: There is no < ("3C) in font nullfont!
Missing character: There is no / ("2F) in font nullfont!
Missing character: There is no p ("70) in font nullfont!
Missing character: There is no > ("3E) in font nullfont!
Missing character: There is no < ("3C) in font nullfont!
Missing character: There is no p ("70) in font nullfont!
Missing character: There is no > ("3E) in font nullfont!
Missing character: There is no S ("53) in font nullfont!
Missing character: There is no i ("69) in font nullfont!
Missing character: There is no e ("65) in font nullfont!
Missing character: There is no m ("6D) in font nullfont!
Missing character: There is no ü ("FC) in font nullfont!
Missing character: There is no s ("73) in font nullfont!
Missing character: There is no s ("73) in font nullfont!
Missing character: There is no e ("65) in font nullfont!
Missing character: There is no n ("6E) in font nullfont!
Missing character: There is no s ("73) in font nullfont!
Missing character: There is no i ("69) in font nullfont!
Missing character: There is no c ("63) in font nullfont!
Missing character: There is no h ("68) in font nullfont!
Missing character: There is no n ("6E) in font nullfont!
Missing character: There is no i ("69) in font nullfont!
Missing character: There is no c ("63) in font nullfont!
Missing character: There is no h ("68) in font nullfont!
Missing character: There is no t ("74) in font nullfont!
Missing character: There is no a ("61) in font nullfont!
Missing character: There is no n ("6E) in font nullfont!
Missing character: There is no d ("64) in font nullfont!
Missing character: There is no i ("69) in font nullfont!
Missing character: There is no e ("65) in font nullfont!
Missing character: There is no s ("73) in font nullfont!
Missing character: There is no e ("65) in font nullfont!
Missing character: There is no L ("4C) in font nullfont!
Missing character: There is no i ("69) in font nullfont!
Missing character: There is no z ("7A) in font nullfont!
Missing character: There is no e ("65) in font nullfont!
Missing character: There is no n ("6E) in font nullfont!
Missing character: There is no z ("7A) in font nullfont!
Missing character: There is no h ("68) in font nullfont!
Missing character: There is no a ("61) in font nullfont!
Missing character: There is no l ("6C) in font nullfont!
Missing character: There is no t ("74) in font nullfont!
Missing character: There is no e ("65) in font nullfont!
Missing character: There is no n ("6E) in font nullfont!
Missing character: There is no h ("68) in font nullfont!
Missing character: There is no i ("69) in font nullfont!
Missing character: There is no n ("6E) in font nullfont!
Missing character: There is no s ("73) in font nullfont!
Missing character: There is no i ("69) in font nullfont!
Missing character: There is no c ("63) in font nullfont!
Missing character: There is no h ("68) in font nullfont!
Missing character: There is no t ("74) in font nullfont!
Missing character: There is no l ("6C) in font nullfont!
Missing character: There is no i ("69) in font nullfont!
Missing character: There is no c ("63) in font nullfont!
Missing character: There is no h ("68) in font nullfont!
Missing character: There is no s ("73) in font nullfont!
Missing character: There is no o ("6F) in font nullfont!
Missing character: There is no l ("6C) in font nullfont!
Missing character: There is no c ("63) in font nullfont!
Missing character: There is no h ("68) in font nullfont!
Missing character: There is no e ("65) in font nullfont!
Missing character: There is no r ("72) in font nullfont!
Missing character: There is no T ("54) in font nullfont!
Missing character: There is no e ("65) in font nullfont!
Missing character: There is no i ("69) in font nullfont!
Missing character: There is no l ("6C) in font nullfont!
Missing character: There is no e ("65) in font nullfont!
Missing character: There is no d ("64) in font nullfont!
Missing character: There is no e ("65) in font nullfont!
Missing character: There is no s ("73) in font nullfont!
Missing character: There is no M ("4D) in font nullfont!
Missing character: There is no a ("61) in font nullfont!
Missing character: There is no t ("74) in font nullfont!
Missing character: There is no e ("65) in font nullfont!
Missing character: There is no r ("72) in font nullfont!
Missing character: There is no i ("69) in font nullfont!
Missing character: There is no a ("61) in font nullfont!
Missing character: There is no l ("6C) in font nullfont!
Missing character: There is no s ("73) in font nullfont!
Missing character: There is no , ("2C) in font nullfont!
Missing character: There is no d ("64) in font nullfont!
Missing character: There is no i ("69) in font nullfont!
Missing character: There is no e ("65) in font nullfont!
Missing character: There is no g ("67) in font nullfont!
Missing character: There is no e ("65) in font nullfont!
Missing character: There is no m ("6D) in font nullfont!
Missing character: There is no e ("65) in font nullfont!
Missing character: There is no i ("69) in font nullfont!
Missing character: There is no n ("6E) in font nullfont!
Missing character: There is no f ("66) in font nullfont!
Missing character: There is no r ("72) in font nullfont!
Missing character: There is no e ("65) in font nullfont!
Missing character: There is no i ("69) in font nullfont!
Missing character: There is no s ("73) in font nullfont!
Missing character: There is no i ("69) in font nullfont!
Missing character: There is no n ("6E) in font nullfont!
Missing character: There is no d ("64) in font nullfont!
Missing character: There is no , ("2C) in font nullfont!
Missing character: There is no o ("6F) in font nullfont!
Missing character: There is no d ("64) in font nullfont!
Missing character: There is no e ("65) in font nullfont!
Missing character: There is no r ("72) in font nullfont!
Missing character: There is no s ("73) in font nullfont!
Missing character: There is no o ("6F) in font nullfont!
Missing character: There is no w ("77) in font nullfont!
Missing character: There is no e ("65) in font nullfont!
Missing character: There is no i ("69) in font nullfont!
Missing character: There is no t ("74) in font nullfont!
Missing character: There is no I ("49) in font nullfont!
Missing character: There is no h ("68) in font nullfont!
Missing character: There is no r ("72) in font nullfont!
Missing character: There is no e ("65) in font nullfont!
Missing character: There is no N ("4E) in font nullfont!
Missing character: There is no u ("75) in font nullfont!
Missing character: There is no t ("74) in font nullfont!
Missing character: There is no z ("7A) in font nullfont!
Missing character: There is no u ("75) in font nullfont!
Missing character: There is no n ("6E) in font nullfont!
Missing character: There is no g ("67) in font nullfont!
Missing character: There is no s ("73) in font nullfont!
Missing character: There is no h ("68) in font nullfont!
Missing character: There is no a ("61) in font nullfont!
Missing character: There is no n ("6E) in font nullfont!
Missing character: There is no d ("64) in font nullfont!
Missing character: There is no l ("6C) in font nullfont!
Missing character: There is no u ("75) in font nullfont!
Missing character: There is no n ("6E) in font nullfont!
Missing character: There is no g ("67) in font nullfont!
Missing character: There is no e ("65) in font nullfont!
Missing character: There is no n ("6E) in font nullfont!
Missing character: There is no d ("64) in font nullfont!
Missing character: There is no u ("75) in font nullfont!
Missing character: There is no r ("72) in font nullfont!
Missing character: There is no c ("63) in font nullfont!
Missing character: There is no h ("68) in font nullfont!
Missing character: There is no A ("41) in font nullfont!
Missing character: There is no u ("75) in font nullfont!
Missing character: There is no s ("73) in font nullfont!
Missing character: There is no n ("6E) in font nullfont!
Missing character: There is no a ("61) in font nullfont!
Missing character: There is no h ("68) in font nullfont!
Missing character: There is no m ("6D) in font nullfont!
Missing character: There is no e ("65) in font nullfont!
Missing character: There is no n ("6E) in font nullfont!
Missing character: There is no u ("75) in font nullfont!
Missing character: There is no n ("6E) in font nullfont!
Missing character: There is no d ("64) in font nullfont!
Missing character: There is no S ("53) in font nullfont!
Missing character: There is no c ("63) in font nullfont!
Missing character: There is no h ("68) in font nullfont!
Missing character: There is no r ("72) in font nullfont!
Missing character: There is no a ("61) in font nullfont!
Missing character: There is no n ("6E) in font nullfont!
Missing character: There is no k ("6B) in font nullfont!
Missing character: There is no e ("65) in font nullfont!
Missing character: There is no n ("6E) in font nullfont!
Missing character: There is no d ("64) in font nullfont!
Missing character: There is no e ("65) in font nullfont!
Missing character: There is no s ("73) in font nullfont!
Missing character: There is no U ("55) in font nullfont!
Missing character: There is no r ("72) in font nullfont!
Missing character: There is no h ("68) in font nullfont!
Missing character: There is no e ("65) in font nullfont!
Missing character: There is no b ("62) in font nullfont!
Missing character: There is no e ("65) in font nullfont!
Missing character: There is no r ("72) in font nullfont!
Missing character: There is no r ("72) in font nullfont!
Missing character: There is no e ("65) in font nullfont!
Missing character: There is no c ("63) in font nullfont!
Missing character: There is no h ("68) in font nullfont!
Missing character: There is no t ("74) in font nullfont!
Missing character: There is no s ("73) in font nullfont!
Missing character: There is no g ("67) in font nullfont!
Missing character: There is no e ("65) in font nullfont!
Missing character: There is no d ("64) in font nullfont!
Missing character: There is no e ("65) in font nullfont!
Missing character: There is no c ("63) in font nullfont!
Missing character: There is no k ("6B) in font nullfont!
Missing character: There is no t ("74) in font nullfont!
Missing character: There is no s ("73) in font nullfont!
Missing character: There is no i ("69) in font nullfont!
Missing character: There is no n ("6E) in font nullfont!
Missing character: There is no d ("64) in font nullfont!
Missing character: There is no . ("2E) in font nullfont!
Missing character: There is no E ("45) in font nullfont!
Missing character: There is no s ("73) in font nullfont!
Missing character: There is no w ("77) in font nullfont!
Missing character: There is no e ("65) in font nullfont!
Missing character: There is no r ("72) in font nullfont!
Missing character: There is no d ("64) in font nullfont!
Missing character: There is no e ("65) in font nullfont!
Missing character: There is no n ("6E) in font nullfont!
Missing character: There is no k ("6B) in font nullfont!
Missing character: There is no e ("65) in font nullfont!
Missing character: There is no i ("69) in font nullfont!
Missing character: There is no n ("6E) in font nullfont!
Missing character: There is no e ("65) in font nullfont!
Missing character: There is no G ("47) in font nullfont!
Missing character: There is no a ("61) in font nullfont!
Missing character: There is no r ("72) in font nullfont!
Missing character: There is no a ("61) in font nullfont!
Missing character: There is no n ("6E) in font nullfont!
Missing character: There is no t ("74) in font nullfont!
Missing character: There is no i ("69) in font nullfont!
Missing character: There is no e ("65) in font nullfont!
Missing character: There is no n ("6E) in font nullfont!
Missing character: There is no g ("67) in font nullfont!
Missing character: There is no e ("65) in font nullfont!
Missing character: There is no g ("67) in font nullfont!
Missing character: There is no e ("65) in font nullfont!
Missing character: There is no b ("62) in font nullfont!
Missing character: There is no e ("65) in font nullfont!
Missing character: There is no n ("6E) in font nullfont!
Missing character: There is no u ("75) in font nullfont!
Missing character: There is no n ("6E) in font nullfont!
Missing character: There is no d ("64) in font nullfont!
Missing character: There is no a ("61) in font nullfont!
Missing character: There is no u ("75) in font nullfont!
Missing character: There is no c ("63) in font nullfont!
Missing character: There is no h ("68) in font nullfont!
Missing character: There is no k ("6B) in font nullfont!
Missing character: There is no e ("65) in font nullfont!
Missing character: There is no i ("69) in font nullfont!
Missing character: There is no n ("6E) in font nullfont!
Missing character: There is no e ("65) in font nullfont!
Missing character: There is no G ("47) in font nullfont!
Missing character: There is no e ("65) in font nullfont!
Missing character: There is no w ("77) in font nullfont!
Missing character: There is no ä ("E4) in font nullfont!
Missing character: There is no h ("68) in font nullfont!
Missing character: There is no r ("72) in font nullfont!
Missing character: There is no g ("67) in font nullfont!
Missing character: There is no e ("65) in font nullfont!
Missing character: There is no l ("6C) in font nullfont!
Missing character: There is no e ("65) in font nullfont!
Missing character: There is no i ("69) in font nullfont!
Missing character: There is no s ("73) in font nullfont!
Missing character: There is no t ("74) in font nullfont!
Missing character: There is no e ("65) in font nullfont!
Missing character: There is no t ("74) in font nullfont!
Missing character: There is no . ("2E) in font nullfont!
Missing character: There is no D ("44) in font nullfont!
Missing character: There is no i ("69) in font nullfont!
Missing character: There is no e ("65) in font nullfont!
Missing character: There is no L ("4C) in font nullfont!
Missing character: There is no i ("69) in font nullfont!
Missing character: There is no z ("7A) in font nullfont!
Missing character: There is no e ("65) in font nullfont!
Missing character: There is no n ("6E) in font nullfont!
Missing character: There is no z ("7A) in font nullfont!
Missing character: There is no v ("76) in font nullfont!
Missing character: There is no e ("65) in font nullfont!
Missing character: There is no r ("72) in font nullfont!
Missing character: There is no s ("73) in font nullfont!
Missing character: There is no c ("63) in font nullfont!
Missing character: There is no h ("68) in font nullfont!
Missing character: There is no a ("61) in font nullfont!
Missing character: There is no f ("66) in font nullfont!
Missing character: There is no f ("66) in font nullfont!
Missing character: There is no t ("74) in font nullfont!
Missing character: There is no I ("49) in font nullfont!
Missing character: There is no h ("68) in font nullfont!
Missing character: There is no n ("6E) in font nullfont!
Missing character: There is no e ("65) in font nullfont!
Missing character: There is no n ("6E) in font nullfont!
Missing character: There is no m ("6D) in font nullfont!
Missing character: There is no ö ("F6) in font nullfont!
Missing character: There is no g ("67) in font nullfont!
Missing character: There is no l ("6C) in font nullfont!
Missing character: There is no i ("69) in font nullfont!
Missing character: There is no c ("63) in font nullfont!
Missing character: There is no h ("68) in font nullfont!
Missing character: There is no e ("65) in font nullfont!
Missing character: There is no r ("72) in font nullfont!
Missing character: There is no w ("77) in font nullfont!
Missing character: There is no e ("65) in font nullfont!
Missing character: There is no i ("69) in font nullfont!
Missing character: There is no s ("73) in font nullfont!
Missing character: There is no e ("65) in font nullfont!
Missing character: There is no n ("6E) in font nullfont!
Missing character: There is no i ("69) in font nullfont!
Missing character: There is no c ("63) in font nullfont!
Missing character: There is no h ("68) in font nullfont!
Missing character: There is no t ("74) in font nullfont!
Missing character: There is no a ("61) in font nullfont!
Missing character: There is no l ("6C) in font nullfont!
Missing character: There is no l ("6C) in font nullfont!
Missing character: There is no e ("65) in font nullfont!
Missing character: There is no E ("45) in font nullfont!
Missing character: There is no r ("72) in font nullfont!
Missing character: There is no l ("6C) in font nullfont!
Missing character: There is no a ("61) in font nullfont!
Missing character: There is no u ("75) in font nullfont!
Missing character: There is no b ("62) in font nullfont!
Missing character: There is no n ("6E) in font nullfont!
Missing character: There is no i ("69) in font nullfont!
Missing character: There is no s ("73) in font nullfont!
Missing character: There is no s ("73) in font nullfont!
Missing character: There is no e ("65) in font nullfont!
Missing character: There is no , ("2C) in font nullfont!
Missing character: There is no d ("64) in font nullfont!
Missing character: There is no i ("69) in font nullfont!
Missing character: There is no e ("65) in font nullfont!
Missing character: There is no S ("53) in font nullfont!
Missing character: There is no i ("69) in font nullfont!
Missing character: There is no e ("65) in font nullfont!
Missing character: There is no f ("66) in font nullfont!
Missing character: There is no ü ("FC) in font nullfont!
Missing character: There is no r ("72) in font nullfont!
Missing character: There is no d ("64) in font nullfont!
Missing character: There is no i ("69) in font nullfont!
Missing character: There is no e ("65) in font nullfont!
Missing character: There is no j ("6A) in font nullfont!
Missing character: There is no e ("65) in font nullfont!
Missing character: There is no w ("77) in font nullfont!
Missing character: There is no e ("65) in font nullfont!
Missing character: There is no i ("69) in font nullfont!
Missing character: There is no l ("6C) in font nullfont!
Missing character: There is no i ("69) in font nullfont!
Missing character: There is no g ("67) in font nullfont!
Missing character: There is no e ("65) in font nullfont!
Missing character: There is no N ("4E) in font nullfont!
Missing character: There is no u ("75) in font nullfont!
Missing character: There is no t ("74) in font nullfont!
Missing character: There is no z ("7A) in font nullfont!
Missing character: There is no u ("75) in font nullfont!
Missing character: There is no n ("6E) in font nullfont!
Missing character: There is no g ("67) in font nullfont!
Missing character: There is no b ("62) in font nullfont!
Missing character: There is no r ("72) in font nullfont!
Missing character: There is no a ("61) in font nullfont!
Missing character: There is no u ("75) in font nullfont!
Missing character: There is no c ("63) in font nullfont!
Missing character: There is no h ("68) in font nullfont!
Missing character: There is no e ("65) in font nullfont!
Missing character: There is no n ("6E) in font nullfont!
Missing character: There is no . ("2E) in font nullfont!
Missing character: There is no E ("45) in font nullfont!
Missing character: There is no s ("73) in font nullfont!
Missing character: There is no k ("6B) in font nullfont!
Missing character: There is no ö ("F6) in font nullfont!
Missing character: There is no n ("6E) in font nullfont!
Missing character: There is no n ("6E) in font nullfont!
Missing character: There is no e ("65) in font nullfont!
Missing character: There is no n ("6E) in font nullfont!
Missing character: There is no b ("62) in font nullfont!
Missing character: There is no e ("65) in font nullfont!
Missing character: There is no i ("69) in font nullfont!
Missing character: There is no s ("73) in font nullfont!
Missing character: There is no p ("70) in font nullfont!
Missing character: There is no i ("69) in font nullfont!
Missing character: There is no e ("65) in font nullfont!
Missing character: There is no l ("6C) in font nullfont!
Missing character: There is no s ("73) in font nullfont!
Missing character: There is no w ("77) in font nullfont!
Missing character: There is no e ("65) in font nullfont!
Missing character: There is no i ("69) in font nullfont!
Missing character: There is no s ("73) in font nullfont!
Missing character: There is no e ("65) in font nullfont!
Missing character: There is no a ("61) in font nullfont!
Missing character: There is no n ("6E) in font nullfont!
Missing character: There is no d ("64) in font nullfont!
Missing character: There is no e ("65) in font nullfont!
Missing character: There is no r ("72) in font nullfont!
Missing character: There is no e ("65) in font nullfont!
Missing character: There is no R ("52) in font nullfont!
Missing character: There is no e ("65) in font nullfont!
Missing character: There is no c ("63) in font nullfont!
Missing character: There is no h ("68) in font nullfont!
Missing character: There is no t ("74) in font nullfont!
Missing character: There is no e ("65) in font nullfont!
Missing character: There is no w ("77) in font nullfont!
Missing character: There is no i ("69) in font nullfont!
Missing character: There is no e ("65) in font nullfont!
Missing character: There is no P ("50) in font nullfont!
Missing character: There is no e ("65) in font nullfont!
Missing character: There is no r ("72) in font nullfont!
Missing character: There is no s ("73) in font nullfont!
Missing character: There is no ö ("F6) in font nullfont!
Missing character: There is no n ("6E) in font nullfont!
Missing character: There is no l ("6C) in font nullfont!
Missing character: There is no i ("69) in font nullfont!
Missing character: There is no c ("63) in font nullfont!
Missing character: There is no h ("68) in font nullfont!
Missing character: There is no k ("6B) in font nullfont!
Missing character: There is no e ("65) in font nullfont!
Missing character: There is no i ("69) in font nullfont!
Missing character: There is no t ("74) in font nullfont!
Missing character: There is no s ("73) in font nullfont!
Missing character: There is no - ("2D) in font nullfont!
Missing character: There is no u ("75) in font nullfont!
Missing character: There is no n ("6E) in font nullfont!
Missing character: There is no d ("64) in font nullfont!
Missing character: There is no D ("44) in font nullfont!
Missing character: There is no a ("61) in font nullfont!
Missing character: There is no t ("74) in font nullfont!
Missing character: There is no e ("65) in font nullfont!
Missing character: There is no n ("6E) in font nullfont!
Missing character: There is no s ("73) in font nullfont!
Missing character: There is no c ("63) in font nullfont!
Missing character: There is no h ("68) in font nullfont!
Missing character: There is no u ("75) in font nullfont!
Missing character: There is no t ("74) in font nullfont!
Missing character: There is no z ("7A) in font nullfont!
Missing character: There is no r ("72) in font nullfont!
Missing character: There is no e ("65) in font nullfont!
Missing character: There is no c ("63) in font nullfont!
Missing character: There is no h ("68) in font nullfont!
Missing character: There is no t ("74) in font nullfont!
Missing character: There is no e ("65) in font nullfont!
Missing character: There is no z ("7A) in font nullfont!
Missing character: There is no u ("75) in font nullfont!
Missing character: There is no b ("62) in font nullfont!
Missing character: There is no e ("65) in font nullfont!
Missing character: There is no a ("61) in font nullfont!
Missing character: There is no c ("63) in font nullfont!
Missing character: There is no h ("68) in font nullfont!
Missing character: There is no t ("74) in font nullfont!
Missing character: There is no e ("65) in font nullfont!
Missing character: There is no n ("6E) in font nullfont!
Missing character: There is no s ("73) in font nullfont!
Missing character: There is no e ("65) in font nullfont!
Missing character: There is no i ("69) in font nullfont!
Missing character: There is no n ("6E) in font nullfont!
Missing character: There is no , ("2C) in font nullfont!
Missing character: There is no d ("64) in font nullfont!
Missing character: There is no i ("69) in font nullfont!
Missing character: There is no e ("65) in font nullfont!
Missing character: There is no I ("49) in font nullfont!
Missing character: There is no h ("68) in font nullfont!
Missing character: There is no r ("72) in font nullfont!
Missing character: There is no e ("65) in font nullfont!
Missing character: There is no N ("4E) in font nullfont!
Missing character: There is no u ("75) in font nullfont!
Missing character: There is no t ("74) in font nullfont!
Missing character: There is no z ("7A) in font nullfont!
Missing character: There is no u ("75) in font nullfont!
Missing character: There is no n ("6E) in font nullfont!
Missing character: There is no g ("67) in font nullfont!
Missing character: There is no d ("64) in font nullfont!
Missing character: There is no e ("65) in font nullfont!
Missing character: There is no s ("73) in font nullfont!
Missing character: There is no M ("4D) in font nullfont!
Missing character: There is no a ("61) in font nullfont!
Missing character: There is no t ("74) in font nullfont!
Missing character: There is no e ("65) in font nullfont!
Missing character: There is no r ("72) in font nullfont!
Missing character: There is no i ("69) in font nullfont!
Missing character: There is no a ("61) in font nullfont!
Missing character: There is no l ("6C) in font nullfont!
Missing character: There is no s ("73) in font nullfont!
Missing character: There is no e ("65) in font nullfont!
Missing character: There is no n ("6E) in font nullfont!
Missing character: There is no t ("74) in font nullfont!
Missing character: There is no s ("73) in font nullfont!
Missing character: There is no p ("70) in font nullfont!
Missing character: There is no r ("72) in font nullfont!
Missing character: There is no e ("65) in font nullfont!
Missing character: There is no c ("63) in font nullfont!
Missing character: There is no h ("68) in font nullfont!
Missing character: There is no e ("65) in font nullfont!
Missing character: There is no n ("6E) in font nullfont!
Missing character: There is no d ("64) in font nullfont!
Missing character: There is no b ("62) in font nullfont!
Missing character: There is no e ("65) in font nullfont!
Missing character: There is no s ("73) in font nullfont!
Missing character: There is no c ("63) in font nullfont!
Missing character: There is no h ("68) in font nullfont!
Missing character: There is no r ("72) in font nullfont!
Missing character: There is no ä ("E4) in font nullfont!
Missing character: There is no n ("6E) in font nullfont!
Missing character: There is no k ("6B) in font nullfont!
Missing character: There is no e ("65) in font nullfont!
Missing character: There is no n ("6E) in font nullfont!
Missing character: There is no . ("2E) in font nullfont!
Missing character: There is no < ("3C) in font nullfont!
Missing character: There is no / ("2F) in font nullfont!
Missing character: There is no p ("70) in font nullfont!
Missing character: There is no > ("3E) in font nullfont!
Missing character: There is no < ("3C) in font nullfont!
Missing character: There is no / ("2F) in font nullfont!
Missing character: There is no l ("6C) in font nullfont!
Missing character: There is no i ("69) in font nullfont!
Missing character: There is no c ("63) in font nullfont!
Missing character: There is no e ("65) in font nullfont!
Missing character: There is no n ("6E) in font nullfont!
Missing character: There is no c ("63) in font nullfont!
Missing character: There is no e ("65) in font nullfont!
Missing character: There is no > ("3E) in font nullfont!
Missing character: There is no < ("3C) in font nullfont!
Missing character: There is no / ("2F) in font nullfont!
Missing character: There is no a ("61) in font nullfont!
Missing character: There is no v ("76) in font nullfont!
Missing character: There is no a ("61) in font nullfont!
Missing character: There is no i ("69) in font nullfont!
Missing character: There is no l ("6C) in font nullfont!
Missing character: There is no a ("61) in font nullfont!
Missing character: There is no b ("62) in font nullfont!
Missing character: There is no i ("69) in font nullfont!
Missing character: There is no l ("6C) in font nullfont!
Missing character: There is no i ("69) in font nullfont!
Missing character: There is no t ("74) in font nullfont!
Missing character: There is no y ("79) in font nullfont!
Missing character: There is no > ("3E) in font nullfont!
Missing character: There is no < ("3C) in font nullfont!
Missing character: There is no i ("69) in font nullfont!
Missing character: There is no d ("64) in font nullfont!
Missing character: There is no n ("6E) in font nullfont!
Missing character: There is no o ("6F) in font nullfont!
Missing character: There is no t ("74) in font nullfont!
Missing character: There is no y ("79) in font nullfont!
Missing character: There is no p ("70) in font nullfont!
Missing character: There is no e ("65) in font nullfont!
Missing character: There is no = ("3D) in font nullfont!
Missing character: There is no " ("22) in font nullfont!
Missing character: There is no h ("68) in font nullfont!
Missing character: There is no a ("61) in font nullfont!
Missing character: There is no n ("6E) in font nullfont!
Missing character: There is no d ("64) in font nullfont!
Missing character: There is no l ("6C) in font nullfont!
Missing character: There is no e ("65) in font nullfont!
Missing character: There is no " ("22) in font nullfont!
Missing character: There is no > ("3E) in font nullfont!
Missing character: There is no X ("58) in font nullfont!
Missing character: There is no X ("58) in font nullfont!
Missing character: There is no X ("58) in font nullfont!
Missing character: There is no X ("58) in font nullfont!
Missing character: There is no < ("3C) in font nullfont!
Missing character: There is no / ("2F) in font nullfont!
Missing character: There is no i ("69) in font nullfont!
Missing character: There is no d ("64) in font nullfont!
Missing character: There is no n ("6E) in font nullfont!
Missing character: There is no o ("6F) in font nullfont!
Missing character: There is no > ("3E) in font nullfont!
Missing character: There is no < ("3C) in font nullfont!
Missing character: There is no / ("2F) in font nullfont!
Missing character: There is no p ("70) in font nullfont!
Missing character: There is no u ("75) in font nullfont!
Missing character: There is no b ("62) in font nullfont!
Missing character: There is no l ("6C) in font nullfont!
Missing character: There is no i ("69) in font nullfont!
Missing character: There is no c ("63) in font nullfont!
Missing character: There is no a ("61) in font nullfont!
Missing character: There is no t ("74) in font nullfont!
Missing character: There is no i ("69) in font nullfont!
Missing character: There is no o ("6F) in font nullfont!
Missing character: There is no n ("6E) in font nullfont!
Missing character: There is no S ("53) in font nullfont!
Missing character: There is no t ("74) in font nullfont!
Missing character: There is no m ("6D) in font nullfont!
Missing character: There is no t ("74) in font nullfont!
Missing character: There is no > ("3E) in font nullfont!
Missing character: There is no < ("3C) in font nullfont!
Missing character: There is no s ("73) in font nullfont!
Missing character: There is no e ("65) in font nullfont!
Missing character: There is no r ("72) in font nullfont!
Missing character: There is no i ("69) in font nullfont!
Missing character: There is no e ("65) in font nullfont!
Missing character: There is no s ("73) in font nullfont!
Missing character: There is no S ("53) in font nullfont!
Missing character: There is no t ("74) in font nullfont!
Missing character: There is no m ("6D) in font nullfont!
Missing character: There is no t ("74) in font nullfont!
Missing character: There is no > ("3E) in font nullfont!
Missing character: There is no < ("3C) in font nullfont!
Missing character: There is no p ("70) in font nullfont!
Missing character: There is no > ("3E) in font nullfont!
Missing character: There is no M ("4D) in font nullfont!
Missing character: There is no a ("61) in font nullfont!
Missing character: There is no c ("63) in font nullfont!
Missing character: There is no h ("68) in font nullfont!
Missing character: There is no i ("69) in font nullfont!
Missing character: There is no n ("6E) in font nullfont!
Missing character: There is no e ("65) in font nullfont!
Missing character: There is no - ("2D) in font nullfont!
Missing character: There is no R ("52) in font nullfont!
Missing character: There is no e ("65) in font nullfont!
Missing character: There is no a ("61) in font nullfont!
Missing character: There is no d ("64) in font nullfont!
Missing character: There is no a ("61) in font nullfont!
Missing character: There is no b ("62) in font nullfont!
Missing character: There is no l ("6C) in font nullfont!
Missing character: There is no e ("65) in font nullfont!
Missing character: There is no T ("54) in font nullfont!
Missing character: There is no r ("72) in font nullfont!
Missing character: There is no a ("61) in font nullfont!
Missing character: There is no n ("6E) in font nullfont!
Missing character: There is no s ("73) in font nullfont!
Missing character: There is no c ("63) in font nullfont!
Missing character: There is no r ("72) in font nullfont!
Missing character: There is no i ("69) in font nullfont!
Missing character: There is no p ("70) in font nullfont!
Missing character: There is no t ("74) in font nullfont!
Missing character: There is no i ("69) in font nullfont!
Missing character: There is no o ("6F) in font nullfont!
Missing character: There is no n ("6E) in font nullfont!
Missing character: There is no s ("73) in font nullfont!
Missing character: There is no o ("6F) in font nullfont!
Missing character: There is no f ("66) in font nullfont!
Missing character: There is no t ("74) in font nullfont!
Missing character: There is no h ("68) in font nullfont!
Missing character: There is no e ("65) in font nullfont!
Missing character: There is no C ("43) in font nullfont!
Missing character: There is no o ("6F) in font nullfont!
Missing character: There is no r ("72) in font nullfont!
Missing character: There is no r ("72) in font nullfont!
Missing character: There is no e ("65) in font nullfont!
Missing character: There is no s ("73) in font nullfont!
Missing character: There is no p ("70) in font nullfont!
Missing character: There is no o ("6F) in font nullfont!
Missing character: There is no n ("6E) in font nullfont!
Missing character: There is no d ("64) in font nullfont!
Missing character: There is no e ("65) in font nullfont!
Missing character: There is no n ("6E) in font nullfont!
Missing character: There is no c ("63) in font nullfont!
Missing character: There is no e ("65) in font nullfont!
Missing character: There is no s ("73) in font nullfont!
Missing character: There is no o ("6F) in font nullfont!
Missing character: There is no f ("66) in font nullfont!
Missing character: There is no A ("41) in font nullfont!
Missing character: There is no r ("72) in font nullfont!
Missing character: There is no t ("74) in font nullfont!
Missing character: There is no h ("68) in font nullfont!
Missing character: There is no u ("75) in font nullfont!
Missing character: There is no r ("72) in font nullfont!
Missing character: There is no S ("53) in font nullfont!
Missing character: There is no c ("63) in font nullfont!
Missing character: There is no h ("68) in font nullfont!
Missing character: There is no n ("6E) in font nullfont!
Missing character: There is no i ("69) in font nullfont!
Missing character: There is no t ("74) in font nullfont!
Missing character: There is no z ("7A) in font nullfont!
Missing character: There is no l ("6C) in font nullfont!
Missing character: There is no e ("65) in font nullfont!
Missing character: There is no r ("72) in font nullfont!
Missing character: There is no < ("3C) in font nullfont!
Missing character: There is no / ("2F) in font nullfont!
Missing character: There is no p ("70) in font nullfont!
Missing character: There is no > ("3E) in font nullfont!
Missing character: There is no < ("3C) in font nullfont!
Missing character: There is no / ("2F) in font nullfont!
Missing character: There is no s ("73) in font nullfont!
Missing character: There is no e ("65) in font nullfont!
Missing character: There is no r ("72) in font nullfont!
Missing character: There is no i ("69) in font nullfont!
Missing character: There is no e ("65) in font nullfont!
Missing character: There is no s ("73) in font nullfont!
Missing character: There is no S ("53) in font nullfont!
Missing character: There is no t ("74) in font nullfont!
Missing character: There is no m ("6D) in font nullfont!
Missing character: There is no t ("74) in font nullfont!
Missing character: There is no > ("3E) in font nullfont!
Missing character: There is no < ("3C) in font nullfont!
Missing character: There is no s ("73) in font nullfont!
Missing character: There is no o ("6F) in font nullfont!
Missing character: There is no u ("75) in font nullfont!
Missing character: There is no r ("72) in font nullfont!
Missing character: There is no c ("63) in font nullfont!
Missing character: There is no e ("65) in font nullfont!
Missing character: There is no D ("44) in font nullfont!
Missing character: There is no e ("65) in font nullfont!
Missing character: There is no s ("73) in font nullfont!
Missing character: There is no c ("63) in font nullfont!
Missing character: There is no > ("3E) in font nullfont!
Missing character: There is no < ("3C) in font nullfont!
Missing character: There is no l ("6C) in font nullfont!
Missing character: There is no i ("69) in font nullfont!
Missing character: There is no s ("73) in font nullfont!
Missing character: There is no t ("74) in font nullfont!
Missing character: There is no W ("57) in font nullfont!
Missing character: There is no i ("69) in font nullfont!
Missing character: There is no t ("74) in font nullfont!
Missing character: There is no > ("3E) in font nullfont!
Missing character: There is no < ("3C) in font nullfont!
Missing character: There is no w ("77) in font nullfont!
Missing character: There is no i ("69) in font nullfont!
Missing character: There is no t ("74) in font nullfont!
Missing character: There is no n ("6E) in font nullfont!
Missing character: There is no e ("65) in font nullfont!
Missing character: There is no s ("73) in font nullfont!
Missing character: There is no s ("73) in font nullfont!
Missing character: There is no n ("6E) in font nullfont!
Missing character: There is no = ("3D) in font nullfont!
Missing character: There is no " ("22) in font nullfont!
Missing character: There is no 1 ("31) in font nullfont!
Missing character: There is no " ("22) in font nullfont!
Missing character: There is no > ("3E) in font nullfont!
Missing character: There is no < ("3C) in font nullfont!
Missing character: There is no o ("6F) in font nullfont!
Missing character: There is no b ("62) in font nullfont!
Missing character: There is no j ("6A) in font nullfont!
Missing character: There is no e ("65) in font nullfont!
Missing character: There is no c ("63) in font nullfont!
Missing character: There is no t ("74) in font nullfont!
Missing character: There is no T ("54) in font nullfont!
Missing character: There is no y ("79) in font nullfont!
Missing character: There is no p ("70) in font nullfont!
Missing character: There is no e ("65) in font nullfont!
Missing character: There is no c ("63) in font nullfont!
Missing character: There is no o ("6F) in font nullfont!
Missing character: There is no r ("72) in font nullfont!
Missing character: There is no r ("72) in font nullfont!
Missing character: There is no e ("65) in font nullfont!
Missing character: There is no s ("73) in font nullfont!
Missing character: There is no p ("70) in font nullfont!
Missing character: There is no = ("3D) in font nullfont!
Missing character: There is no " ("22) in font nullfont!
Missing character: There is no k ("6B) in font nullfont!
Missing character: There is no a ("61) in font nullfont!
Missing character: There is no r ("72) in font nullfont!
Missing character: There is no t ("74) in font nullfont!
Missing character: There is no e ("65) in font nullfont!
Missing character: There is no " ("22) in font nullfont!
Missing character: There is no a ("61) in font nullfont!
Missing character: There is no n ("6E) in font nullfont!
Missing character: There is no a ("61) in font nullfont!
Missing character: There is no = ("3D) in font nullfont!
Missing character: There is no " ("22) in font nullfont!
Missing character: There is no b ("62) in font nullfont!
Missing character: There is no r ("72) in font nullfont!
Missing character: There is no i ("69) in font nullfont!
Missing character: There is no e ("65) in font nullfont!
Missing character: There is no f ("66) in font nullfont!
Missing character: There is no k ("6B) in font nullfont!
Missing character: There is no a ("61) in font nullfont!
Missing character: There is no r ("72) in font nullfont!
Missing character: There is no t ("74) in font nullfont!
Missing character: There is no e ("65) in font nullfont!
Missing character: There is no < ("3C) in font nullfont!
Missing character: There is no / ("2F) in font nullfont!
Missing character: There is no o ("6F) in font nullfont!
Missing character: There is no b ("62) in font nullfont!
Missing character: There is no j ("6A) in font nullfont!
Missing character: There is no e ("65) in font nullfont!
Missing character: There is no c ("63) in font nullfont!
Missing character: There is no t ("74) in font nullfont!
Missing character: There is no T ("54) in font nullfont!
Missing character: There is no y ("79) in font nullfont!
Missing character: There is no p ("70) in font nullfont!
Missing character: There is no e ("65) in font nullfont!
Missing character: There is no > ("3E) in font nullfont!
Missing character: There is no < ("3C) in font nullfont!
Missing character: There is no m ("6D) in font nullfont!
Missing character: There is no s ("73) in font nullfont!
Missing character: There is no D ("44) in font nullfont!
Missing character: There is no e ("65) in font nullfont!
Missing character: There is no s ("73) in font nullfont!
Missing character: There is no c ("63) in font nullfont!
Missing character: There is no > ("3E) in font nullfont!
Missing character: There is no < ("3C) in font nullfont!
Missing character: There is no m ("6D) in font nullfont!
Missing character: There is no s ("73) in font nullfont!
Missing character: There is no I ("49) in font nullfont!
Missing character: There is no d ("64) in font nullfont!
Missing character: There is no e ("65) in font nullfont!
Missing character: There is no n ("6E) in font nullfont!
Missing character: There is no t ("74) in font nullfont!
Missing character: There is no i ("69) in font nullfont!
Missing character: There is no f ("66) in font nullfont!
Missing character: There is no i ("69) in font nullfont!
Missing character: There is no e ("65) in font nullfont!
Missing character: There is no r ("72) in font nullfont!
Missing character: There is no > ("3E) in font nullfont!
Missing character: There is no < ("3C) in font nullfont!
Missing character: There is no c ("63) in font nullfont!
Missing character: There is no o ("6F) in font nullfont!
Missing character: There is no u ("75) in font nullfont!
Missing character: There is no n ("6E) in font nullfont!
Missing character: There is no t ("74) in font nullfont!
Missing character: There is no r ("72) in font nullfont!
Missing character: There is no y ("79) in font nullfont!
Missing character: There is no > ("3E) in font nullfont!
Missing character: There is no D ("44) in font nullfont!
Missing character: There is no < ("3C) in font nullfont!
Missing character: There is no / ("2F) in font nullfont!
Missing character: There is no c ("63) in font nullfont!
Missing character: There is no o ("6F) in font nullfont!
Missing character: There is no u ("75) in font nullfont!
Missing character: There is no n ("6E) in font nullfont!
Missing character: There is no t ("74) in font nullfont!
Missing character: There is no r ("72) in font nullfont!
Missing character: There is no y ("79) in font nullfont!
Missing character: There is no > ("3E) in font nullfont!
Missing character: There is no < ("3C) in font nullfont!
Missing character: There is no s ("73) in font nullfont!
Missing character: There is no e ("65) in font nullfont!
Missing character: There is no t ("74) in font nullfont!
Missing character: There is no t ("74) in font nullfont!
Missing character: There is no l ("6C) in font nullfont!
Missing character: There is no e ("65) in font nullfont!
Missing character: There is no m ("6D) in font nullfont!
Missing character: There is no e ("65) in font nullfont!
Missing character: There is no n ("6E) in font nullfont!
Missing character: There is no t ("74) in font nullfont!
Missing character: There is no > ("3E) in font nullfont!
Missing character: There is no M ("4D) in font nullfont!
Missing character: There is no a ("61) in font nullfont!
Missing character: There is no r ("72) in font nullfont!
Missing character: There is no b ("62) in font nullfont!
Missing character: There is no a ("61) in font nullfont!
Missing character: There is no c ("63) in font nullfont!
Missing character: There is no h ("68) in font nullfont!
Missing character: There is no a ("61) in font nullfont!
Missing character: There is no m ("6D) in font nullfont!
Missing character: There is no N ("4E) in font nullfont!
Missing character: There is no e ("65) in font nullfont!
Missing character: There is no c ("63) in font nullfont!
Missing character: There is no k ("6B) in font nullfont!
Missing character: There is no a ("61) in font nullfont!
Missing character: There is no r ("72) in font nullfont!
Missing character: There is no < ("3C) in font nullfont!
Missing character: There is no / ("2F) in font nullfont!
Missing character: There is no s ("73) in font nullfont!
Missing character: There is no e ("65) in font nullfont!
Missing character: There is no t ("74) in font nullfont!
Missing character: There is no t ("74) in font nullfont!
Missing character: There is no l ("6C) in font nullfont!
Missing character: There is no e ("65) in font nullfont!
Missing character: There is no m ("6D) in font nullfont!
Missing character: There is no e ("65) in font nullfont!
Missing character: There is no n ("6E) in font nullfont!
Missing character: There is no t ("74) in font nullfont!
Missing character: There is no > ("3E) in font nullfont!
Missing character: There is no < ("3C) in font nullfont!
Missing character: There is no r ("72) in font nullfont!
Missing character: There is no e ("65) in font nullfont!
Missing character: There is no p ("70) in font nullfont!
Missing character: There is no o ("6F) in font nullfont!
Missing character: There is no s ("73) in font nullfont!
Missing character: There is no i ("69) in font nullfont!
Missing character: There is no t ("74) in font nullfont!
Missing character: There is no o ("6F) in font nullfont!
Missing character: There is no r ("72) in font nullfont!
Missing character: There is no y ("79) in font nullfont!
Missing character: There is no > ("3E) in font nullfont!
Missing character: There is no D ("44) in font nullfont!
Missing character: There is no e ("65) in font nullfont!
Missing character: There is no u ("75) in font nullfont!
Missing character: There is no t ("74) in font nullfont!
Missing character: There is no s ("73) in font nullfont!
Missing character: There is no c ("63) in font nullfont!
Missing character: There is no h ("68) in font nullfont!
Missing character: There is no e ("65) in font nullfont!
Missing character: There is no s ("73) in font nullfont!
Missing character: There is no L ("4C) in font nullfont!
Missing character: There is no i ("69) in font nullfont!
Missing character: There is no t ("74) in font nullfont!
Missing character: There is no e ("65) in font nullfont!
Missing character: There is no r ("72) in font nullfont!
Missing character: There is no a ("61) in font nullfont!
Missing character: There is no t ("74) in font nullfont!
Missing character: There is no u ("75) in font nullfont!
Missing character: There is no r ("72) in font nullfont!
Missing character: There is no a ("61) in font nullfont!
Missing character: There is no r ("72) in font nullfont!
Missing character: There is no c ("63) in font nullfont!
Missing character: There is no h ("68) in font nullfont!
Missing character: There is no i ("69) in font nullfont!
Missing character: There is no v ("76) in font nullfont!
Missing character: There is no < ("3C) in font nullfont!
Missing character: There is no / ("2F) in font nullfont!
Missing character: There is no r ("72) in font nullfont!
Missing character: There is no e ("65) in font nullfont!
Missing character: There is no p ("70) in font nullfont!
Missing character: There is no o ("6F) in font nullfont!
Missing character: There is no s ("73) in font nullfont!
Missing character: There is no i ("69) in font nullfont!
Missing character: There is no t ("74) in font nullfont!
Missing character: There is no o ("6F) in font nullfont!
Missing character: There is no r ("72) in font nullfont!
Missing character: There is no y ("79) in font nullfont!
Missing character: There is no > ("3E) in font nullfont!
Missing character: There is no < ("3C) in font nullfont!
Missing character: There is no i ("69) in font nullfont!
Missing character: There is no d ("64) in font nullfont!
Missing character: There is no n ("6E) in font nullfont!
Missing character: There is no o ("6F) in font nullfont!
Missing character: There is no > ("3E) in font nullfont!
Missing character: There is no A ("41) in font nullfont!
Missing character: There is no : ("3A) in font nullfont!
Missing character: There is no S ("53) in font nullfont!
Missing character: There is no c ("63) in font nullfont!
Missing character: There is no h ("68) in font nullfont!
Missing character: There is no n ("6E) in font nullfont!
Missing character: There is no i ("69) in font nullfont!
Missing character: There is no t ("74) in font nullfont!
Missing character: There is no z ("7A) in font nullfont!
Missing character: There is no l ("6C) in font nullfont!
Missing character: There is no e ("65) in font nullfont!
Missing character: There is no r ("72) in font nullfont!
Missing character: There is no , ("2C) in font nullfont!
Missing character: There is no H ("48) in font nullfont!
Missing character: There is no S ("53) in font nullfont!
Missing character: There is no . ("2E) in font nullfont!
Missing character: There is no 1 ("31) in font nullfont!
Missing character: There is no 9 ("39) in font nullfont!
Missing character: There is no 8 ("38) in font nullfont!
Missing character: There is no 5 ("35) in font nullfont!
Missing character: There is no . ("2E) in font nullfont!
Missing character: There is no 1 ("31) in font nullfont!
Missing character: There is no . ("2E) in font nullfont!
Missing character: There is no 4 ("34) in font nullfont!
Missing character: There is no 6 ("36) in font nullfont!
Missing character: There is no 4 ("34) in font nullfont!
Missing character: There is no 0 ("30) in font nullfont!
Missing character: There is no < ("3C) in font nullfont!
Missing character: There is no / ("2F) in font nullfont!
Missing character: There is no i ("69) in font nullfont!
Missing character: There is no d ("64) in font nullfont!
Missing character: There is no n ("6E) in font nullfont!
Missing character: There is no o ("6F) in font nullfont!
Missing character: There is no > ("3E) in font nullfont!
Missing character: There is no < ("3C) in font nullfont!
Missing character: There is no / ("2F) in font nullfont!
Missing character: There is no m ("6D) in font nullfont!
Missing character: There is no s ("73) in font nullfont!
Missing character: There is no I ("49) in font nullfont!
Missing character: There is no d ("64) in font nullfont!
Missing character: There is no e ("65) in font nullfont!
Missing character: There is no n ("6E) in font nullfont!
Missing character: There is no t ("74) in font nullfont!
Missing character: There is no i ("69) in font nullfont!
Missing character: There is no f ("66) in font nullfont!
Missing character: There is no i ("69) in font nullfont!
Missing character: There is no e ("65) in font nullfont!
Missing character: There is no r ("72) in font nullfont!
Missing character: There is no > ("3E) in font nullfont!
Missing character: There is no < ("3C) in font nullfont!
Missing character: There is no p ("70) in font nullfont!
Missing character: There is no h ("68) in font nullfont!
Missing character: There is no y ("79) in font nullfont!
Missing character: There is no s ("73) in font nullfont!
Missing character: There is no D ("44) in font nullfont!
Missing character: There is no e ("65) in font nullfont!
Missing character: There is no s ("73) in font nullfont!
Missing character: There is no c ("63) in font nullfont!
Missing character: There is no > ("3E) in font nullfont!
Missing character: There is no < ("3C) in font nullfont!
Missing character: There is no o ("6F) in font nullfont!
Missing character: There is no b ("62) in font nullfont!
Missing character: There is no j ("6A) in font nullfont!
Missing character: There is no e ("65) in font nullfont!
Missing character: There is no c ("63) in font nullfont!
Missing character: There is no t ("74) in font nullfont!
Missing character: There is no D ("44) in font nullfont!
Missing character: There is no e ("65) in font nullfont!
Missing character: There is no s ("73) in font nullfont!
Missing character: There is no c ("63) in font nullfont!
Missing character: There is no > ("3E) in font nullfont!
Missing character: There is no < ("3C) in font nullfont!
Missing character: There is no s ("73) in font nullfont!
Missing character: There is no u ("75) in font nullfont!
Missing character: There is no p ("70) in font nullfont!
Missing character: There is no p ("70) in font nullfont!
Missing character: There is no o ("6F) in font nullfont!
Missing character: There is no r ("72) in font nullfont!
Missing character: There is no t ("74) in font nullfont!
Missing character: There is no D ("44) in font nullfont!
Missing character: There is no e ("65) in font nullfont!
Missing character: There is no s ("73) in font nullfont!
Missing character: There is no c ("63) in font nullfont!
Missing character: There is no > ("3E) in font nullfont!
Missing character: There is no < ("3C) in font nullfont!
Missing character: There is no e ("65) in font nullfont!
Missing character: There is no x ("78) in font nullfont!
Missing character: There is no t ("74) in font nullfont!
Missing character: There is no e ("65) in font nullfont!
Missing character: There is no n ("6E) in font nullfont!
Missing character: There is no t ("74) in font nullfont!
Missing character: There is no > ("3E) in font nullfont!
Missing character: There is no < ("3C) in font nullfont!
Missing character: There is no m ("6D) in font nullfont!
Missing character: There is no e ("65) in font nullfont!
Missing character: There is no a ("61) in font nullfont!
Missing character: There is no s ("73) in font nullfont!
Missing character: There is no u ("75) in font nullfont!
Missing character: There is no r ("72) in font nullfont!
Missing character: There is no e ("65) in font nullfont!
Missing character: There is no u ("75) in font nullfont!
Missing character: There is no n ("6E) in font nullfont!
Missing character: There is no i ("69) in font nullfont!
Missing character: There is no t ("74) in font nullfont!
Missing character: There is no = ("3D) in font nullfont!
Missing character: There is no " ("22) in font nullfont!
Missing character: There is no s ("73) in font nullfont!
Missing character: There is no e ("65) in font nullfont!
Missing character: There is no i ("69) in font nullfont!
Missing character: There is no t ("74) in font nullfont!
Missing character: There is no e ("65) in font nullfont!
Missing character: There is no " ("22) in font nullfont!
Missing character: There is no q ("71) in font nullfont!
Missing character: There is no u ("75) in font nullfont!
Missing character: There is no a ("61) in font nullfont!
Missing character: There is no n ("6E) in font nullfont!
Missing character: There is no t ("74) in font nullfont!
Missing character: There is no i ("69) in font nullfont!
Missing character: There is no t ("74) in font nullfont!
Missing character: There is no y ("79) in font nullfont!
Missing character: There is no = ("3D) in font nullfont!
Missing character: There is no " ("22) in font nullfont!
Missing character: There is no 2 ("32) in font nullfont!
Missing character: There is no " ("22) in font nullfont!
Missing character: There is no / ("2F) in font nullfont!
Missing character: There is no > ("3E) in font nullfont!
Missing character: There is no < ("3C) in font nullfont!
Missing character: There is no m ("6D) in font nullfont!
Missing character: There is no e ("65) in font nullfont!
Missing character: There is no a ("61) in font nullfont!
Missing character: There is no s ("73) in font nullfont!
Missing character: There is no u ("75) in font nullfont!
Missing character: There is no r ("72) in font nullfont!
Missing character: There is no e ("65) in font nullfont!
Missing character: There is no u ("75) in font nullfont!
Missing character: There is no n ("6E) in font nullfont!
Missing character: There is no i ("69) in font nullfont!
Missing character: There is no t ("74) in font nullfont!
Missing character: There is no = ("3D) in font nullfont!
Missing character: There is no " ("22) in font nullfont!
Missing character: There is no b ("62) in font nullfont!
Missing character: There is no l ("6C) in font nullfont!
Missing character: There is no a ("61) in font nullfont!
Missing character: There is no t ("74) in font nullfont!
Missing character: There is no t ("74) in font nullfont!
Missing character: There is no " ("22) in font nullfont!
Missing character: There is no q ("71) in font nullfont!
Missing character: There is no u ("75) in font nullfont!
Missing character: There is no a ("61) in font nullfont!
Missing character: There is no n ("6E) in font nullfont!
Missing character: There is no t ("74) in font nullfont!
Missing character: There is no i ("69) in font nullfont!
Missing character: There is no t ("74) in font nullfont!
Missing character: There is no y ("79) in font nullfont!
Missing character: There is no = ("3D) in font nullfont!
Missing character: There is no " ("22) in font nullfont!
Missing character: There is no 1 ("31) in font nullfont!
Missing character: There is no " ("22) in font nullfont!
Missing character: There is no / ("2F) in font nullfont!
Missing character: There is no > ("3E) in font nullfont!
Missing character: There is no < ("3C) in font nullfont!
Missing character: There is no / ("2F) in font nullfont!
Missing character: There is no e ("65) in font nullfont!
Missing character: There is no x ("78) in font nullfont!
Missing character: There is no t ("74) in font nullfont!
Missing character: There is no e ("65) in font nullfont!
Missing character: There is no n ("6E) in font nullfont!
Missing character: There is no t ("74) in font nullfont!
Missing character: There is no > ("3E) in font nullfont!
Missing character: There is no < ("3C) in font nullfont!
Missing character: There is no / ("2F) in font nullfont!
Missing character: There is no s ("73) in font nullfont!
Missing character: There is no u ("75) in font nullfont!
Missing character: There is no p ("70) in font nullfont!
Missing character: There is no p ("70) in font nullfont!
Missing character: There is no o ("6F) in font nullfont!
Missing character: There is no r ("72) in font nullfont!
Missing character: There is no t ("74) in font nullfont!
Missing character: There is no D ("44) in font nullfont!
Missing character: There is no e ("65) in font nullfont!
Missing character: There is no s ("73) in font nullfont!
Missing character: There is no c ("63) in font nullfont!
Missing character: There is no > ("3E) in font nullfont!
Missing character: There is no < ("3C) in font nullfont!
Missing character: There is no / ("2F) in font nullfont!
Missing character: There is no o ("6F) in font nullfont!
Missing character: There is no b ("62) in font nullfont!
Missing character: There is no j ("6A) in font nullfont!
Missing character: There is no e ("65) in font nullfont!
Missing character: There is no c ("63) in font nullfont!
Missing character: There is no t ("74) in font nullfont!
Missing character: There is no D ("44) in font nullfont!
Missing character: There is no e ("65) in font nullfont!
Missing character: There is no s ("73) in font nullfont!
Missing character: There is no c ("63) in font nullfont!
Missing character: There is no > ("3E) in font nullfont!
Missing character: There is no < ("3C) in font nullfont!
Missing character: There is no h ("68) in font nullfont!
Missing character: There is no a ("61) in font nullfont!
Missing character: There is no n ("6E) in font nullfont!
Missing character: There is no d ("64) in font nullfont!
Missing character: There is no D ("44) in font nullfont!
Missing character: There is no e ("65) in font nullfont!
Missing character: There is no s ("73) in font nullfont!
Missing character: There is no c ("63) in font nullfont!
Missing character: There is no > ("3E) in font nullfont!
Missing character: There is no < ("3C) in font nullfont!
Missing character: There is no h ("68) in font nullfont!
Missing character: There is no a ("61) in font nullfont!
Missing character: There is no n ("6E) in font nullfont!
Missing character: There is no d ("64) in font nullfont!
Missing character: There is no N ("4E) in font nullfont!
Missing character: There is no o ("6F) in font nullfont!
Missing character: There is no t ("74) in font nullfont!
Missing character: There is no e ("65) in font nullfont!
Missing character: There is no m ("6D) in font nullfont!
Missing character: There is no e ("65) in font nullfont!
Missing character: There is no d ("64) in font nullfont!
Missing character: There is no i ("69) in font nullfont!
Missing character: There is no u ("75) in font nullfont!
Missing character: There is no m ("6D) in font nullfont!
Missing character: There is no = ("3D) in font nullfont!
Missing character: There is no " ("22) in font nullfont!
Missing character: There is no b ("62) in font nullfont!
Missing character: There is no l ("6C) in font nullfont!
Missing character: There is no a ("61) in font nullfont!
Missing character: There is no u ("75) in font nullfont!
Missing character: There is no e ("65) in font nullfont!
Missing character: There is no - ("2D) in font nullfont!
Missing character: There is no t ("74) in font nullfont!
Missing character: There is no i ("69) in font nullfont!
Missing character: There is no n ("6E) in font nullfont!
Missing character: There is no t ("74) in font nullfont!
Missing character: There is no e ("65) in font nullfont!
Missing character: There is no " ("22) in font nullfont!
Missing character: There is no s ("73) in font nullfont!
Missing character: There is no t ("74) in font nullfont!
Missing character: There is no y ("79) in font nullfont!
Missing character: There is no l ("6C) in font nullfont!
Missing character: There is no e ("65) in font nullfont!
Missing character: There is no = ("3D) in font nullfont!
Missing character: There is no " ("22) in font nullfont!
Missing character: There is no d ("64) in font nullfont!
Missing character: There is no e ("65) in font nullfont!
Missing character: There is no u ("75) in font nullfont!
Missing character: There is no t ("74) in font nullfont!
Missing character: There is no s ("73) in font nullfont!
Missing character: There is no c ("63) in font nullfont!
Missing character: There is no h ("68) in font nullfont!
Missing character: There is no e ("65) in font nullfont!
Missing character: There is no - ("2D) in font nullfont!
Missing character: There is no k ("6B) in font nullfont!
Missing character: There is no u ("75) in font nullfont!
Missing character: There is no r ("72) in font nullfont!
Missing character: There is no r ("72) in font nullfont!
Missing character: There is no e ("65) in font nullfont!
Missing character: There is no n ("6E) in font nullfont!
Missing character: There is no t ("74) in font nullfont!
Missing character: There is no " ("22) in font nullfont!
Missing character: There is no / ("2F) in font nullfont!
Missing character: There is no > ("3E) in font nullfont!
Missing character: There is no < ("3C) in font nullfont!
Missing character: There is no / ("2F) in font nullfont!
Missing character: There is no h ("68) in font nullfont!
Missing character: There is no a ("61) in font nullfont!
Missing character: There is no n ("6E) in font nullfont!
Missing character: There is no d ("64) in font nullfont!
Missing character: There is no D ("44) in font nullfont!
Missing character: There is no e ("65) in font nullfont!
Missing character: There is no s ("73) in font nullfont!
Missing character: There is no c ("63) in font nullfont!
Missing character: There is no > ("3E) in font nullfont!
Missing character: There is no < ("3C) in font nullfont!
Missing character: There is no / ("2F) in font nullfont!
Missing character: There is no p ("70) in font nullfont!
Missing character: There is no h ("68) in font nullfont!
Missing character: There is no y ("79) in font nullfont!
Missing character: There is no s ("73) in font nullfont!
Missing character: There is no D ("44) in font nullfont!
Missing character: There is no e ("65) in font nullfont!
Missing character: There is no s ("73) in font nullfont!
Missing character: There is no c ("63) in font nullfont!
Missing character: There is no > ("3E) in font nullfont!
Missing character: There is no < ("3C) in font nullfont!
Missing character: There is no / ("2F) in font nullfont!
Missing character: There is no m ("6D) in font nullfont!
Missing character: There is no s ("73) in font nullfont!
Missing character: There is no D ("44) in font nullfont!
Missing character: There is no e ("65) in font nullfont!
Missing character: There is no s ("73) in font nullfont!
Missing character: There is no c ("63) in font nullfont!
Missing character: There is no > ("3E) in font nullfont!
Missing character: There is no < ("3C) in font nullfont!
Missing character: There is no / ("2F) in font nullfont!
Missing character: There is no w ("77) in font nullfont!
Missing character: There is no i ("69) in font nullfont!
Missing character: There is no t ("74) in font nullfont!
Missing character: There is no n ("6E) in font nullfont!
Missing character: There is no e ("65) in font nullfont!
Missing character: There is no s ("73) in font nullfont!
Missing character: There is no s ("73) in font nullfont!
Missing character: There is no > ("3E) in font nullfont!
Missing character: There is no < ("3C) in font nullfont!
Missing character: There is no / ("2F) in font nullfont!
Missing character: There is no l ("6C) in font nullfont!
Missing character: There is no i ("69) in font nullfont!
Missing character: There is no s ("73) in font nullfont!
Missing character: There is no t ("74) in font nullfont!
Missing character: There is no W ("57) in font nullfont!
Missing character: There is no i ("69) in font nullfont!
Missing character: There is no t ("74) in font nullfont!
Missing character: There is no > ("3E) in font nullfont!
Missing character: There is no < ("3C) in font nullfont!
Missing character: There is no / ("2F) in font nullfont!
Missing character: There is no s ("73) in font nullfont!
Missing character: There is no o ("6F) in font nullfont!
Missing character: There is no u ("75) in font nullfont!
Missing character: There is no r ("72) in font nullfont!
Missing character: There is no c ("63) in font nullfont!
Missing character: There is no e ("65) in font nullfont!
Missing character: There is no D ("44) in font nullfont!
Missing character: There is no e ("65) in font nullfont!
Missing character: There is no s ("73) in font nullfont!
Missing character: There is no c ("63) in font nullfont!
Missing character: There is no > ("3E) in font nullfont!
Missing character: There is no < ("3C) in font nullfont!
Missing character: There is no / ("2F) in font nullfont!
Missing character: There is no f ("66) in font nullfont!
Missing character: There is no i ("69) in font nullfont!
Missing character: There is no l ("6C) in font nullfont!
Missing character: There is no e ("65) in font nullfont!
Missing character: There is no D ("44) in font nullfont!
Missing character: There is no e ("65) in font nullfont!
Missing character: There is no s ("73) in font nullfont!
Missing character: There is no c ("63) in font nullfont!
Missing character: There is no > ("3E) in font nullfont!
Missing character: There is no < ("3C) in font nullfont!
Missing character: There is no p ("70) in font nullfont!
Missing character: There is no r ("72) in font nullfont!
Missing character: There is no o ("6F) in font nullfont!
Missing character: There is no f ("66) in font nullfont!
Missing character: There is no i ("69) in font nullfont!
Missing character: There is no l ("6C) in font nullfont!
Missing character: There is no e ("65) in font nullfont!
Missing character: There is no D ("44) in font nullfont!
Missing character: There is no e ("65) in font nullfont!
Missing character: There is no s ("73) in font nullfont!
Missing character: There is no c ("63) in font nullfont!
Missing character: There is no > ("3E) in font nullfont!
Missing character: There is no < ("3C) in font nullfont!
Missing character: There is no l ("6C) in font nullfont!
Missing character: There is no a ("61) in font nullfont!
Missing character: There is no n ("6E) in font nullfont!
Missing character: There is no g ("67) in font nullfont!
Missing character: There is no U ("55) in font nullfont!
Missing character: There is no s ("73) in font nullfont!
Missing character: There is no a ("61) in font nullfont!
Missing character: There is no g ("67) in font nullfont!
Missing character: There is no e ("65) in font nullfont!
Missing character: There is no > ("3E) in font nullfont!
Missing character: There is no < ("3C) in font nullfont!
Missing character: There is no l ("6C) in font nullfont!
Missing character: There is no a ("61) in font nullfont!
Missing character: There is no n ("6E) in font nullfont!
Missing character: There is no g ("67) in font nullfont!
Missing character: There is no u ("75) in font nullfont!
Missing character: There is no a ("61) in font nullfont!
Missing character: There is no g ("67) in font nullfont!
Missing character: There is no e ("65) in font nullfont!
Missing character: There is no i ("69) in font nullfont!
Missing character: There is no d ("64) in font nullfont!
Missing character: There is no e ("65) in font nullfont!
Missing character: There is no n ("6E) in font nullfont!
Missing character: There is no t ("74) in font nullfont!
Missing character: There is no = ("3D) in font nullfont!
Missing character: There is no " ("22) in font nullfont!
Missing character: There is no d ("64) in font nullfont!
Missing character: There is no e ("65) in font nullfont!
Missing character: There is no - ("2D) in font nullfont!
Missing character: There is no A ("41) in font nullfont!
Missing character: There is no T ("54) in font nullfont!
Missing character: There is no " ("22) in font nullfont!
Missing character: There is no > ("3E) in font nullfont!
Missing character: There is no G ("47) in font nullfont!
Missing character: There is no e ("65) in font nullfont!
Missing character: There is no r ("72) in font nullfont!
Missing character: There is no m ("6D) in font nullfont!
Missing character: There is no a ("61) in font nullfont!
Missing character: There is no n ("6E) in font nullfont!
Missing character: There is no < ("3C) in font nullfont!
Missing character: There is no / ("2F) in font nullfont!
Missing character: There is no l ("6C) in font nullfont!
Missing character: There is no a ("61) in font nullfont!
Missing character: There is no n ("6E) in font nullfont!
Missing character: There is no g ("67) in font nullfont!
Missing character: There is no u ("75) in font nullfont!
Missing character: There is no a ("61) in font nullfont!
Missing character: There is no g ("67) in font nullfont!
Missing character: There is no e ("65) in font nullfont!
Missing character: There is no > ("3E) in font nullfont!
Missing character: There is no < ("3C) in font nullfont!
Missing character: There is no / ("2F) in font nullfont!
Missing character: There is no l ("6C) in font nullfont!
Missing character: There is no a ("61) in font nullfont!
Missing character: There is no n ("6E) in font nullfont!
Missing character: There is no g ("67) in font nullfont!
Missing character: There is no U ("55) in font nullfont!
Missing character: There is no s ("73) in font nullfont!
Missing character: There is no a ("61) in font nullfont!
Missing character: There is no g ("67) in font nullfont!
Missing character: There is no e ("65) in font nullfont!
Missing character: There is no > ("3E) in font nullfont!
Missing character: There is no < ("3C) in font nullfont!
Missing character: There is no c ("63) in font nullfont!
Missing character: There is no o ("6F) in font nullfont!
Missing character: There is no r ("72) in font nullfont!
Missing character: There is no r ("72) in font nullfont!
Missing character: There is no e ("65) in font nullfont!
Missing character: There is no s ("73) in font nullfont!
Missing character: There is no p ("70) in font nullfont!
Missing character: There is no D ("44) in font nullfont!
Missing character: There is no e ("65) in font nullfont!
Missing character: There is no s ("73) in font nullfont!
Missing character: There is no c ("63) in font nullfont!
Missing character: There is no > ("3E) in font nullfont!
Missing character: There is no < ("3C) in font nullfont!
Missing character: There is no c ("63) in font nullfont!
Missing character: There is no o ("6F) in font nullfont!
Missing character: There is no r ("72) in font nullfont!
Missing character: There is no r ("72) in font nullfont!
Missing character: There is no e ("65) in font nullfont!
Missing character: There is no s ("73) in font nullfont!
Missing character: There is no p ("70) in font nullfont!
Missing character: There is no A ("41) in font nullfont!
Missing character: There is no c ("63) in font nullfont!
Missing character: There is no t ("74) in font nullfont!
Missing character: There is no i ("69) in font nullfont!
Missing character: There is no o ("6F) in font nullfont!
Missing character: There is no n ("6E) in font nullfont!
Missing character: There is no t ("74) in font nullfont!
Missing character: There is no y ("79) in font nullfont!
Missing character: There is no p ("70) in font nullfont!
Missing character: There is no e ("65) in font nullfont!
Missing character: There is no = ("3D) in font nullfont!
Missing character: There is no " ("22) in font nullfont!
Missing character: There is no s ("73) in font nullfont!
Missing character: There is no e ("65) in font nullfont!
Missing character: There is no n ("6E) in font nullfont!
Missing character: There is no t ("74) in font nullfont!
Missing character: There is no " ("22) in font nullfont!
Missing character: There is no > ("3E) in font nullfont!
Missing character: There is no < ("3C) in font nullfont!
Missing character: There is no p ("70) in font nullfont!
Missing character: There is no e ("65) in font nullfont!
Missing character: There is no r ("72) in font nullfont!
Missing character: There is no s ("73) in font nullfont!
Missing character: There is no N ("4E) in font nullfont!
Missing character: There is no a ("61) in font nullfont!
Missing character: There is no m ("6D) in font nullfont!
Missing character: There is no e ("65) in font nullfont!
Missing character: There is no r ("72) in font nullfont!
Missing character: There is no e ("65) in font nullfont!
Missing character: There is no f ("66) in font nullfont!
Missing character: There is no = ("3D) in font nullfont!
Missing character: There is no " ("22) in font nullfont!
! You can't use `macro parameter character #' in horizontal mode.
l.117                <persName ref="#
                                     pmb9941">Sosnosky, Theodor von</persName>
Sorry, but I'm not programmed to handle this case;
I'll just pretend that you didn't ask for it.
If you're in the wrong mode, you might be able to
return to the right one by typing `I}' or `I$' or `I\par'.

Missing character: There is no p ("70) in font nullfont!
Missing character: There is no m ("6D) in font nullfont!
Missing character: There is no b ("62) in font nullfont!
Missing character: There is no 9 ("39) in font nullfont!
Missing character: There is no 9 ("39) in font nullfont!
Missing character: There is no 4 ("34) in font nullfont!
Missing character: There is no 1 ("31) in font nullfont!
Missing character: There is no " ("22) in font nullfont!
Missing character: There is no > ("3E) in font nullfont!
Missing character: There is no S ("53) in font nullfont!
Missing character: There is no o ("6F) in font nullfont!
Missing character: There is no s ("73) in font nullfont!
Missing character: There is no n ("6E) in font nullfont!
Missing character: There is no o ("6F) in font nullfont!
Missing character: There is no s ("73) in font nullfont!
Missing character: There is no k ("6B) in font nullfont!
Missing character: There is no y ("79) in font nullfont!
Missing character: There is no , ("2C) in font nullfont!
Missing character: There is no T ("54) in font nullfont!
Missing character: There is no h ("68) in font nullfont!
Missing character: There is no e ("65) in font nullfont!
Missing character: There is no o ("6F) in font nullfont!
Missing character: There is no d ("64) in font nullfont!
Missing character: There is no o ("6F) in font nullfont!
Missing character: There is no r ("72) in font nullfont!
Missing character: There is no v ("76) in font nullfont!
Missing character: There is no o ("6F) in font nullfont!
Missing character: There is no n ("6E) in font nullfont!
Missing character: There is no < ("3C) in font nullfont!
Missing character: There is no / ("2F) in font nullfont!
Missing character: There is no p ("70) in font nullfont!
Missing character: There is no e ("65) in font nullfont!
Missing character: There is no r ("72) in font nullfont!
Missing character: There is no s ("73) in font nullfont!
Missing character: There is no N ("4E) in font nullfont!
Missing character: There is no a ("61) in font nullfont!
Missing character: There is no m ("6D) in font nullfont!
Missing character: There is no e ("65) in font nullfont!
Missing character: There is no > ("3E) in font nullfont!
Missing character: There is no < ("3C) in font nullfont!
Missing character: There is no d ("64) in font nullfont!
Missing character: There is no a ("61) in font nullfont!
Missing character: There is no t ("74) in font nullfont!
Missing character: There is no e ("65) in font nullfont!
Missing character: There is no w ("77) in font nullfont!
Missing character: There is no h ("68) in font nullfont!
Missing character: There is no e ("65) in font nullfont!
Missing character: There is no n ("6E) in font nullfont!
Missing character: There is no = ("3D) in font nullfont!
Missing character: There is no " ("22) in font nullfont!
Missing character: There is no 1 ("31) in font nullfont!
Missing character: There is no 9 ("39) in font nullfont!
Missing character: There is no 0 ("30) in font nullfont!
Missing character: There is no 1 ("31) in font nullfont!
Missing character: There is no - ("2D) in font nullfont!
Missing character: There is no 0 ("30) in font nullfont!
Missing character: There is no 5 ("35) in font nullfont!
Missing character: There is no - ("2D) in font nullfont!
Missing character: There is no 2 ("32) in font nullfont!
Missing character: There is no 3 ("33) in font nullfont!
Missing character: There is no " ("22) in font nullfont!
Missing character: There is no n ("6E) in font nullfont!
Missing character: There is no = ("3D) in font nullfont!
Missing character: There is no " ("22) in font nullfont!
Missing character: There is no 0 ("30) in font nullfont!
Missing character: There is no 1 ("31) in font nullfont!
Missing character: There is no " ("22) in font nullfont!
Missing character: There is no > ("3E) in font nullfont!
Missing character: There is no 2 ("32) in font nullfont!
Missing character: There is no 3 ("33) in font nullfont!
Missing character: There is no . ("2E) in font nullfont!
! Misplaced alignment tab character &.
l.118 ...      <date when="1901-05-23" n="01">23.&
                                                  #160;5.&#160;1901</date>
I can't figure out why you would want to use a tab mark
here. If you just want an ampersand, the remedy is
simple: Just type `I\&' now. But if some right brace
up above has ended a previous alignment prematurely,
you're probably due for more error messages, and you
might try typing `S' now just to see what is salvageable.

! You can't use `macro parameter character #' in horizontal mode.
l.118 ...     <date when="1901-05-23" n="01">23.&#
                                                  160;5.&#160;1901</date>
Sorry, but I'm not programmed to handle this case;
I'll just pretend that you didn't ask for it.
If you're in the wrong mode, you might be able to
return to the right one by typing `I}' or `I$' or `I\par'.

Missing character: There is no 1 ("31) in font nullfont!
Missing character: There is no 6 ("36) in font nullfont!
Missing character: There is no 0 ("30) in font nullfont!
Missing character: There is no ; ("3B) in font nullfont!
Missing character: There is no 5 ("35) in font nullfont!
Missing character: There is no . ("2E) in font nullfont!
! Misplaced alignment tab character &.
l.118 ...ate when="1901-05-23" n="01">23.&#160;5.&
                                                  #160;1901</date>
I can't figure out why you would want to use a tab mark
here. If you just want an ampersand, the remedy is
simple: Just type `I\&' now. But if some right brace
up above has ended a previous alignment prematurely,
you're probably due for more error messages, and you
might try typing `S' now just to see what is salvageable.

! You can't use `macro parameter character #' in horizontal mode.
l.118 ...te when="1901-05-23" n="01">23.&#160;5.&#
                                                  160;1901</date>
Sorry, but I'm not programmed to handle this case;
I'll just pretend that you didn't ask for it.
If you're in the wrong mode, you might be able to
return to the right one by typing `I}' or `I$' or `I\par'.

Missing character: There is no 1 ("31) in font nullfont!
Missing character: There is no 6 ("36) in font nullfont!
Missing character: There is no 0 ("30) in font nullfont!
Missing character: There is no ; ("3B) in font nullfont!
Missing character: There is no 1 ("31) in font nullfont!
Missing character: There is no 9 ("39) in font nullfont!
Missing character: There is no 0 ("30) in font nullfont!
Missing character: There is no 1 ("31) in font nullfont!
Missing character: There is no < ("3C) in font nullfont!
Missing character: There is no / ("2F) in font nullfont!
Missing character: There is no d ("64) in font nullfont!
Missing character: There is no a ("61) in font nullfont!
Missing character: There is no t ("74) in font nullfont!
Missing character: There is no e ("65) in font nullfont!
Missing character: There is no > ("3E) in font nullfont!
Missing character: There is no < ("3C) in font nullfont!
Missing character: There is no p ("70) in font nullfont!
Missing character: There is no l ("6C) in font nullfont!
Missing character: There is no a ("61) in font nullfont!
Missing character: There is no c ("63) in font nullfont!
Missing character: There is no e ("65) in font nullfont!
Missing character: There is no N ("4E) in font nullfont!
Missing character: There is no a ("61) in font nullfont!
Missing character: There is no m ("6D) in font nullfont!
Missing character: There is no e ("65) in font nullfont!
Missing character: There is no r ("72) in font nullfont!
Missing character: There is no e ("65) in font nullfont!
Missing character: There is no f ("66) in font nullfont!
Missing character: There is no = ("3D) in font nullfont!
Missing character: There is no " ("22) in font nullfont!
! You can't use `macro parameter character #' in horizontal mode.
l.119                <placeName ref="#
                                      pmb48393" evidence="internal">Kremsmün...
Sorry, but I'm not programmed to handle this case;
I'll just pretend that you didn't ask for it.
If you're in the wrong mode, you might be able to
return to the right one by typing `I}' or `I$' or `I\par'.

Missing character: There is no p ("70) in font nullfont!
Missing character: There is no m ("6D) in font nullfont!
Missing character: There is no b ("62) in font nullfont!
Missing character: There is no 4 ("34) in font nullfont!
Missing character: There is no 8 ("38) in font nullfont!
Missing character: There is no 3 ("33) in font nullfont!
Missing character: There is no 9 ("39) in font nullfont!
Missing character: There is no 3 ("33) in font nullfont!
Missing character: There is no " ("22) in font nullfont!
Missing character: There is no e ("65) in font nullfont!
Missing character: There is no v ("76) in font nullfont!
Missing character: There is no i ("69) in font nullfont!
Missing character: There is no d ("64) in font nullfont!
Missing character: There is no e ("65) in font nullfont!
Missing character: There is no n ("6E) in font nullfont!
Missing character: There is no c ("63) in font nullfont!
Missing character: There is no e ("65) in font nullfont!
Missing character: There is no = ("3D) in font nullfont!
Missing character: There is no " ("22) in font nullfont!
Missing character: There is no i ("69) in font nullfont!
Missing character: There is no n ("6E) in font nullfont!
Missing character: There is no t ("74) in font nullfont!
Missing character: There is no e ("65) in font nullfont!
Missing character: There is no r ("72) in font nullfont!
Missing character: There is no n ("6E) in font nullfont!
Missing character: There is no a ("61) in font nullfont!
Missing character: There is no l ("6C) in font nullfont!
Missing character: There is no " ("22) in font nullfont!
Missing character: There is no > ("3E) in font nullfont!
Missing character: There is no K ("4B) in font nullfont!
Missing character: There is no r ("72) in font nullfont!
Missing character: There is no e ("65) in font nullfont!
Missing character: There is no m ("6D) in font nullfont!
Missing character: There is no s ("73) in font nullfont!
Missing character: There is no m ("6D) in font nullfont!
Missing character: There is no ü ("FC) in font nullfont!
Missing character: There is no n ("6E) in font nullfont!
Missing character: There is no s ("73) in font nullfont!
Missing character: There is no t ("74) in font nullfont!
Missing character: There is no e ("65) in font nullfont!
Missing character: There is no r ("72) in font nullfont!
Missing character: There is no < ("3C) in font nullfont!
Missing character: There is no / ("2F) in font nullfont!
Missing character: There is no p ("70) in font nullfont!
Missing character: There is no l ("6C) in font nullfont!
Missing character: There is no a ("61) in font nullfont!
Missing character: There is no c ("63) in font nullfont!
Missing character: There is no e ("65) in font nullfont!
Missing character: There is no N ("4E) in font nullfont!
Missing character: There is no a ("61) in font nullfont!
Missing character: There is no m ("6D) in font nullfont!
Missing character: There is no e ("65) in font nullfont!
Missing character: There is no > ("3E) in font nullfont!
Missing character: There is no < ("3C) in font nullfont!
Missing character: There is no / ("2F) in font nullfont!
Missing character: There is no c ("63) in font nullfont!
Missing character: There is no o ("6F) in font nullfont!
Missing character: There is no r ("72) in font nullfont!
Missing character: There is no r ("72) in font nullfont!
Missing character: There is no e ("65) in font nullfont!
Missing character: There is no s ("73) in font nullfont!
Missing character: There is no p ("70) in font nullfont!
Missing character: There is no A ("41) in font nullfont!
Missing character: There is no c ("63) in font nullfont!
Missing character: There is no t ("74) in font nullfont!
Missing character: There is no i ("69) in font nullfont!
Missing character: There is no o ("6F) in font nullfont!
Missing character: There is no n ("6E) in font nullfont!
Missing character: There is no > ("3E) in font nullfont!
Missing character: There is no < ("3C) in font nullfont!
Missing character: There is no c ("63) in font nullfont!
Missing character: There is no o ("6F) in font nullfont!
Missing character: There is no r ("72) in font nullfont!
Missing character: There is no r ("72) in font nullfont!
Missing character: There is no e ("65) in font nullfont!
Missing character: There is no s ("73) in font nullfont!
Missing character: There is no p ("70) in font nullfont!
Missing character: There is no A ("41) in font nullfont!
Missing character: There is no c ("63) in font nullfont!
Missing character: There is no t ("74) in font nullfont!
Missing character: There is no i ("69) in font nullfont!
Missing character: There is no o ("6F) in font nullfont!
Missing character: There is no n ("6E) in font nullfont!
Missing character: There is no t ("74) in font nullfont!
Missing character: There is no y ("79) in font nullfont!
Missing character: There is no p ("70) in font nullfont!
Missing character: There is no e ("65) in font nullfont!
Missing character: There is no = ("3D) in font nullfont!
Missing character: There is no " ("22) in font nullfont!
Missing character: There is no r ("72) in font nullfont!
Missing character: There is no e ("65) in font nullfont!
Missing character: There is no c ("63) in font nullfont!
Missing character: There is no e ("65) in font nullfont!
Missing character: There is no i ("69) in font nullfont!
Missing character: There is no v ("76) in font nullfont!
Missing character: There is no e ("65) in font nullfont!
Missing character: There is no d ("64) in font nullfont!
Missing character: There is no " ("22) in font nullfont!
Missing character: There is no > ("3E) in font nullfont!
Missing character: There is no < ("3C) in font nullfont!
Missing character: There is no p ("70) in font nullfont!
Missing character: There is no e ("65) in font nullfont!
Missing character: There is no r ("72) in font nullfont!
Missing character: There is no s ("73) in font nullfont!
Missing character: There is no N ("4E) in font nullfont!
Missing character: There is no a ("61) in font nullfont!
Missing character: There is no m ("6D) in font nullfont!
Missing character: There is no e ("65) in font nullfont!
Missing character: There is no r ("72) in font nullfont!
Missing character: There is no e ("65) in font nullfont!
Missing character: There is no f ("66) in font nullfont!
Missing character: There is no = ("3D) in font nullfont!
Missing character: There is no " ("22) in font nullfont!
! You can't use `macro parameter character #' in horizontal mode.
l.122                <persName ref="#
                                     pmb2121">Schnitzler, Arthur</persName>
Sorry, but I'm not programmed to handle this case;
I'll just pretend that you didn't ask for it.
If you're in the wrong mode, you might be able to
return to the right one by typing `I}' or `I$' or `I\par'.

Missing character: There is no p ("70) in font nullfont!
Missing character: There is no m ("6D) in font nullfont!
Missing character: There is no b ("62) in font nullfont!
Missing character: There is no 2 ("32) in font nullfont!
Missing character: There is no 1 ("31) in font nullfont!
Missing character: There is no 2 ("32) in font nullfont!
Missing character: There is no 1 ("31) in font nullfont!
Missing character: There is no " ("22) in font nullfont!
Missing character: There is no > ("3E) in font nullfont!
Missing character: There is no S ("53) in font nullfont!
Missing character: There is no c ("63) in font nullfont!
Missing character: There is no h ("68) in font nullfont!
Missing character: There is no n ("6E) in font nullfont!
Missing character: There is no i ("69) in font nullfont!
Missing character: There is no t ("74) in font nullfont!
Missing character: There is no z ("7A) in font nullfont!
Missing character: There is no l ("6C) in font nullfont!
Missing character: There is no e ("65) in font nullfont!
Missing character: There is no r ("72) in font nullfont!
Missing character: There is no , ("2C) in font nullfont!
Missing character: There is no A ("41) in font nullfont!
Missing character: There is no r ("72) in font nullfont!
Missing character: There is no t ("74) in font nullfont!
Missing character: There is no h ("68) in font nullfont!
Missing character: There is no u ("75) in font nullfont!
Missing character: There is no r ("72) in font nullfont!
Missing character: There is no < ("3C) in font nullfont!
Missing character: There is no / ("2F) in font nullfont!
Missing character: There is no p ("70) in font nullfont!
Missing character: There is no e ("65) in font nullfont!
Missing character: There is no r ("72) in font nullfont!
Missing character: There is no s ("73) in font nullfont!
Missing character: There is no N ("4E) in font nullfont!
Missing character: There is no a ("61) in font nullfont!
Missing character: There is no m ("6D) in font nullfont!
Missing character: There is no e ("65) in font nullfont!
Missing character: There is no > ("3E) in font nullfont!
Missing character: There is no < ("3C) in font nullfont!
Missing character: There is no p ("70) in font nullfont!
Missing character: There is no l ("6C) in font nullfont!
Missing character: There is no a ("61) in font nullfont!
Missing character: There is no c ("63) in font nullfont!
Missing character: There is no e ("65) in font nullfont!
Missing character: There is no N ("4E) in font nullfont!
Missing character: There is no a ("61) in font nullfont!
Missing character: There is no m ("6D) in font nullfont!
Missing character: There is no e ("65) in font nullfont!
Missing character: There is no r ("72) in font nullfont!
Missing character: There is no e ("65) in font nullfont!
Missing character: There is no f ("66) in font nullfont!
Missing character: There is no = ("3D) in font nullfont!
Missing character: There is no " ("22) in font nullfont!
! You can't use `macro parameter character #' in horizontal mode.
l.123                <placeName ref="#
                                      50" evidence="conjecture">Wien</placeN...
Sorry, but I'm not programmed to handle this case;
I'll just pretend that you didn't ask for it.
If you're in the wrong mode, you might be able to
return to the right one by typing `I}' or `I$' or `I\par'.

Missing character: There is no 5 ("35) in font nullfont!
Missing character: There is no 0 ("30) in font nullfont!
Missing character: There is no " ("22) in font nullfont!
Missing character: There is no e ("65) in font nullfont!
Missing character: There is no v ("76) in font nullfont!
Missing character: There is no i ("69) in font nullfont!
Missing character: There is no d ("64) in font nullfont!
Missing character: There is no e ("65) in font nullfont!
Missing character: There is no n ("6E) in font nullfont!
Missing character: There is no c ("63) in font nullfont!
Missing character: There is no e ("65) in font nullfont!
Missing character: There is no = ("3D) in font nullfont!
Missing character: There is no " ("22) in font nullfont!
Missing character: There is no c ("63) in font nullfont!
Missing character: There is no o ("6F) in font nullfont!
Missing character: There is no n ("6E) in font nullfont!
Missing character: There is no j ("6A) in font nullfont!
Missing character: There is no e ("65) in font nullfont!
Missing character: There is no c ("63) in font nullfont!
Missing character: There is no t ("74) in font nullfont!
Missing character: There is no u ("75) in font nullfont!
Missing character: There is no r ("72) in font nullfont!
Missing character: There is no e ("65) in font nullfont!
Missing character: There is no " ("22) in font nullfont!
Missing character: There is no > ("3E) in font nullfont!
Missing character: There is no W ("57) in font nullfont!
Missing character: There is no i ("69) in font nullfont!
Missing character: There is no e ("65) in font nullfont!
Missing character: There is no n ("6E) in font nullfont!
Missing character: There is no < ("3C) in font nullfont!
Missing character: There is no / ("2F) in font nullfont!
Missing character: There is no p ("70) in font nullfont!
Missing character: There is no l ("6C) in font nullfont!
Missing character: There is no a ("61) in font nullfont!
Missing character: There is no c ("63) in font nullfont!
Missing character: There is no e ("65) in font nullfont!
Missing character: There is no N ("4E) in font nullfont!
Missing character: There is no a ("61) in font nullfont!
Missing character: There is no m ("6D) in font nullfont!
Missing character: There is no e ("65) in font nullfont!
Missing character: There is no > ("3E) in font nullfont!
Missing character: There is no < ("3C) in font nullfont!
Missing character: There is no / ("2F) in font nullfont!
Missing character: There is no c ("63) in font nullfont!
Missing character: There is no o ("6F) in font nullfont!
Missing character: There is no r ("72) in font nullfont!
Missing character: There is no r ("72) in font nullfont!
Missing character: There is no e ("65) in font nullfont!
Missing character: There is no s ("73) in font nullfont!
Missing character: There is no p ("70) in font nullfont!
Missing character: There is no A ("41) in font nullfont!
Missing character: There is no c ("63) in font nullfont!
Missing character: There is no t ("74) in font nullfont!
Missing character: There is no i ("69) in font nullfont!
Missing character: There is no o ("6F) in font nullfont!
Missing character: There is no n ("6E) in font nullfont!
Missing character: There is no > ("3E) in font nullfont!
Missing character: There is no < ("3C) in font nullfont!
Missing character: There is no / ("2F) in font nullfont!
Missing character: There is no c ("63) in font nullfont!
Missing character: There is no o ("6F) in font nullfont!
Missing character: There is no r ("72) in font nullfont!
Missing character: There is no r ("72) in font nullfont!
Missing character: There is no e ("65) in font nullfont!
Missing character: There is no s ("73) in font nullfont!
Missing character: There is no p ("70) in font nullfont!
Missing character: There is no D ("44) in font nullfont!
Missing character: There is no e ("65) in font nullfont!
Missing character: There is no s ("73) in font nullfont!
Missing character: There is no c ("63) in font nullfont!
Missing character: There is no > ("3E) in font nullfont!
Missing character: There is no < ("3C) in font nullfont!
Missing character: There is no / ("2F) in font nullfont!
Missing character: There is no p ("70) in font nullfont!
Missing character: There is no r ("72) in font nullfont!
Missing character: There is no o ("6F) in font nullfont!
Missing character: There is no f ("66) in font nullfont!
Missing character: There is no i ("69) in font nullfont!
Missing character: There is no l ("6C) in font nullfont!
Missing character: There is no e ("65) in font nullfont!
Missing character: There is no D ("44) in font nullfont!
Missing character: There is no e ("65) in font nullfont!
Missing character: There is no s ("73) in font nullfont!
Missing character: There is no c ("63) in font nullfont!
Missing character: There is no > ("3E) in font nullfont!
Missing character: There is no < ("3C) in font nullfont!
Missing character: There is no r ("72) in font nullfont!
Missing character: There is no e ("65) in font nullfont!
Missing character: There is no v ("76) in font nullfont!
Missing character: There is no i ("69) in font nullfont!
Missing character: There is no s ("73) in font nullfont!
Missing character: There is no i ("69) in font nullfont!
Missing character: There is no o ("6F) in font nullfont!
Missing character: There is no n ("6E) in font nullfont!
Missing character: There is no D ("44) in font nullfont!
Missing character: There is no e ("65) in font nullfont!
Missing character: There is no s ("73) in font nullfont!
Missing character: There is no c ("63) in font nullfont!
Missing character: There is no s ("73) in font nullfont!
Missing character: There is no t ("74) in font nullfont!
Missing character: There is no a ("61) in font nullfont!
Missing character: There is no t ("74) in font nullfont!
Missing character: There is no u ("75) in font nullfont!
Missing character: There is no s ("73) in font nullfont!
Missing character: There is no = ("3D) in font nullfont!
Missing character: There is no " ("22) in font nullfont!
Missing character: There is no p ("70) in font nullfont!
Missing character: There is no r ("72) in font nullfont!
Missing character: There is no o ("6F) in font nullfont!
Missing character: There is no p ("70) in font nullfont!
Missing character: There is no o ("6F) in font nullfont!
Missing character: There is no s ("73) in font nullfont!
Missing character: There is no e ("65) in font nullfont!
Missing character: There is no d ("64) in font nullfont!
Missing character: There is no " ("22) in font nullfont!
Missing character: There is no > ("3E) in font nullfont!
Missing character: There is no < ("3C) in font nullfont!
Missing character: There is no c ("63) in font nullfont!
Missing character: There is no h ("68) in font nullfont!
Missing character: There is no a ("61) in font nullfont!
Missing character: There is no n ("6E) in font nullfont!
Missing character: There is no g ("67) in font nullfont!
Missing character: There is no e ("65) in font nullfont!
Missing character: There is no w ("77) in font nullfont!
Missing character: There is no h ("68) in font nullfont!
Missing character: There is no o ("6F) in font nullfont!
Missing character: There is no = ("3D) in font nullfont!
Missing character: There is no " ("22) in font nullfont!
Missing character: There is no M ("4D) in font nullfont!
Missing character: There is no A ("41) in font nullfont!
Missing character: There is no M ("4D) in font nullfont!
Missing character: There is no " ("22) in font nullfont!
Missing character: There is no w ("77) in font nullfont!
Missing character: There is no h ("68) in font nullfont!
Missing character: There is no e ("65) in font nullfont!
Missing character: There is no n ("6E) in font nullfont!
Missing character: There is no = ("3D) in font nullfont!
Missing character: There is no " ("22) in font nullfont!
Missing character: There is no 2 ("32) in font nullfont!
Missing character: There is no 0 ("30) in font nullfont!
Missing character: There is no 2 ("32) in font nullfont!
Missing character: There is no 6 ("36) in font nullfont!
Missing character: There is no - ("2D) in font nullfont!
Missing character: There is no 0 ("30) in font nullfont!
Missing character: There is no 2 ("32) in font nullfont!
Missing character: There is no - ("2D) in font nullfont!
Missing character: There is no 1 ("31) in font nullfont!
Missing character: There is no 7 ("37) in font nullfont!
Missing character: There is no " ("22) in font nullfont!
Missing character: There is no > ("3E) in font nullfont!
Missing character: There is no E ("45) in font nullfont!
Missing character: There is no x ("78) in font nullfont!
Missing character: There is no p ("70) in font nullfont!
Missing character: There is no o ("6F) in font nullfont!
Missing character: There is no r ("72) in font nullfont!
Missing character: There is no t ("74) in font nullfont!
Missing character: There is no a ("61) in font nullfont!
Missing character: There is no u ("75) in font nullfont!
Missing character: There is no s ("73) in font nullfont!
Missing character: There is no T ("54) in font nullfont!
Missing character: There is no r ("72) in font nullfont!
Missing character: There is no a ("61) in font nullfont!
Missing character: There is no n ("6E) in font nullfont!
Missing character: There is no s ("73) in font nullfont!
Missing character: There is no k ("6B) in font nullfont!
Missing character: There is no r ("72) in font nullfont!
Missing character: There is no i ("69) in font nullfont!
Missing character: There is no b ("62) in font nullfont!
Missing character: There is no u ("75) in font nullfont!
Missing character: There is no s ("73) in font nullfont!
Missing character: There is no < ("3C) in font nullfont!
Missing character: There is no / ("2F) in font nullfont!
Missing character: There is no c ("63) in font nullfont!
Missing character: There is no h ("68) in font nullfont!
Missing character: There is no a ("61) in font nullfont!
Missing character: There is no n ("6E) in font nullfont!
Missing character: There is no g ("67) in font nullfont!
Missing character: There is no e ("65) in font nullfont!
Missing character: There is no > ("3E) in font nullfont!
Missing character: There is no < ("3C) in font nullfont!
Missing character: There is no c ("63) in font nullfont!
Missing character: There is no h ("68) in font nullfont!
Missing character: There is no a ("61) in font nullfont!
Missing character: There is no n ("6E) in font nullfont!
Missing character: There is no g ("67) in font nullfont!
Missing character: There is no e ("65) in font nullfont!
Missing character: There is no w ("77) in font nullfont!
Missing character: There is no h ("68) in font nullfont!
Missing character: There is no o ("6F) in font nullfont!
Missing character: There is no = ("3D) in font nullfont!
Missing character: There is no " ("22) in font nullfont!
Missing character: There is no S ("53) in font nullfont!
Missing character: There is no J ("4A) in font nullfont!
Missing character: There is no " ("22) in font nullfont!
Missing character: There is no w ("77) in font nullfont!
Missing character: There is no h ("68) in font nullfont!
Missing character: There is no e ("65) in font nullfont!
Missing character: There is no n ("6E) in font nullfont!
Missing character: There is no = ("3D) in font nullfont!
Missing character: There is no " ("22) in font nullfont!
Missing character: There is no 2 ("32) in font nullfont!
Missing character: There is no 0 ("30) in font nullfont!
Missing character: There is no 2 ("32) in font nullfont!
Missing character: There is no 6 ("36) in font nullfont!
Missing character: There is no - ("2D) in font nullfont!
Missing character: There is no 0 ("30) in font nullfont!
Missing character: There is no 2 ("32) in font nullfont!
Missing character: There is no - ("2D) in font nullfont!
Missing character: There is no 2 ("32) in font nullfont!
Missing character: There is no 4 ("34) in font nullfont!
Missing character: There is no " ("22) in font nullfont!
Missing character: There is no > ("3E) in font nullfont!
Missing character: There is no D ("44) in font nullfont!
Missing character: There is no u ("75) in font nullfont!
Missing character: There is no r ("72) in font nullfont!
Missing character: There is no c ("63) in font nullfont!
Missing character: There is no h ("68) in font nullfont!
Missing character: There is no s ("73) in font nullfont!
Missing character: There is no i ("69) in font nullfont!
Missing character: There is no c ("63) in font nullfont!
Missing character: There is no h ("68) in font nullfont!
Missing character: There is no t ("74) in font nullfont!
Missing character: There is no < ("3C) in font nullfont!
Missing character: There is no / ("2F) in font nullfont!
Missing character: There is no c ("63) in font nullfont!
Missing character: There is no h ("68) in font nullfont!
Missing character: There is no a ("61) in font nullfont!
Missing character: There is no n ("6E) in font nullfont!
Missing character: There is no g ("67) in font nullfont!
Missing character: There is no e ("65) in font nullfont!
Missing character: There is no > ("3E) in font nullfont!
Missing character: There is no < ("3C) in font nullfont!
Missing character: There is no / ("2F) in font nullfont!
Missing character: There is no r ("72) in font nullfont!
Missing character: There is no e ("65) in font nullfont!
Missing character: There is no v ("76) in font nullfont!
Missing character: There is no i ("69) in font nullfont!
Missing character: There is no s ("73) in font nullfont!
Missing character: There is no i ("69) in font nullfont!
Missing character: There is no o ("6F) in font nullfont!
Missing character: There is no n ("6E) in font nullfont!
Missing character: There is no D ("44) in font nullfont!
Missing character: There is no e ("65) in font nullfont!
Missing character: There is no s ("73) in font nullfont!
Missing character: There is no c ("63) in font nullfont!
Missing character: There is no > ("3E) in font nullfont!
Missing character: There is no < ("3C) in font nullfont!
Missing character: There is no / ("2F) in font nullfont!
Missing character: There is no t ("74) in font nullfont!
Missing character: There is no e ("65) in font nullfont!
Missing character: There is no i ("69) in font nullfont!
Missing character: There is no H ("48) in font nullfont!
Missing character: There is no e ("65) in font nullfont!
Missing character: There is no a ("61) in font nullfont!
Missing character: There is no d ("64) in font nullfont!
Missing character: There is no e ("65) in font nullfont!
Missing character: There is no r ("72) in font nullfont!
Missing character: There is no > ("3E) in font nullfont!
Missing character: There is no < ("3C) in font nullfont!
Missing character: There is no t ("74) in font nullfont!
Missing character: There is no e ("65) in font nullfont!
Missing character: There is no x ("78) in font nullfont!
Missing character: There is no t ("74) in font nullfont!
Missing character: There is no > ("3E) in font nullfont!
Missing character: There is no < ("3C) in font nullfont!
Missing character: There is no b ("62) in font nullfont!
Missing character: There is no o ("6F) in font nullfont!
Missing character: There is no d ("64) in font nullfont!
Missing character: There is no y ("79) in font nullfont!
Missing character: There is no > ("3E) in font nullfont!
Missing character: There is no < ("3C) in font nullfont!
Missing character: There is no d ("64) in font nullfont!
Missing character: There is no i ("69) in font nullfont!
Missing character: There is no v ("76) in font nullfont!
Missing character: There is no t ("74) in font nullfont!
Missing character: There is no y ("79) in font nullfont!
Missing character: There is no p ("70) in font nullfont!
Missing character: There is no e ("65) in font nullfont!
Missing character: There is no = ("3D) in font nullfont!
Missing character: There is no " ("22) in font nullfont!
Missing character: There is no w ("77) in font nullfont!
Missing character: There is no r ("72) in font nullfont!
Missing character: There is no i ("69) in font nullfont!
Missing character: There is no t ("74) in font nullfont!
Missing character: There is no i ("69) in font nullfont!
Missing character: There is no n ("6E) in font nullfont!
Missing character: There is no g ("67) in font nullfont!
Missing character: There is no S ("53) in font nullfont!
Missing character: There is no e ("65) in font nullfont!
Missing character: There is no s ("73) in font nullfont!
Missing character: There is no s ("73) in font nullfont!
Missing character: There is no i ("69) in font nullfont!
Missing character: There is no o ("6F) in font nullfont!
Missing character: There is no n ("6E) in font nullfont!
Missing character: There is no " ("22) in font nullfont!
Missing character: There is no n ("6E) in font nullfont!
Missing character: There is no = ("3D) in font nullfont!
Missing character: There is no " ("22) in font nullfont!
Missing character: There is no 1 ("31) in font nullfont!
Missing character: There is no " ("22) in font nullfont!
Missing character: There is no > ("3E) in font nullfont!
Missing character: There is no < ("3C) in font nullfont!
Missing character: There is no o ("6F) in font nullfont!
Missing character: There is no p ("70) in font nullfont!
Missing character: There is no e ("65) in font nullfont!
Missing character: There is no n ("6E) in font nullfont!
Missing character: There is no e ("65) in font nullfont!
Missing character: There is no r ("72) in font nullfont!
Missing character: There is no > ("3E) in font nullfont!
Missing character: There is no < ("3C) in font nullfont!
Missing character: There is no a ("61) in font nullfont!
Missing character: There is no n ("6E) in font nullfont!
Missing character: There is no c ("63) in font nullfont!
Missing character: There is no h ("68) in font nullfont!
Missing character: There is no o ("6F) in font nullfont!
Missing character: There is no r ("72) in font nullfont!
Missing character: There is no t ("74) in font nullfont!
Missing character: There is no y ("79) in font nullfont!
Missing character: There is no p ("70) in font nullfont!
Missing character: There is no e ("65) in font nullfont!
Missing character: There is no = ("3D) in font nullfont!
Missing character: There is no " ("22) in font nullfont!
Missing character: There is no t ("74) in font nullfont!
Missing character: There is no e ("65) in font nullfont!
Missing character: There is no x ("78) in font nullfont!
Missing character: There is no t ("74) in font nullfont!
Missing character: There is no C ("43) in font nullfont!
Missing character: There is no o ("6F) in font nullfont!
Missing character: There is no n ("6E) in font nullfont!
Missing character: There is no s ("73) in font nullfont!
Missing character: There is no t ("74) in font nullfont!
Missing character: There is no " ("22) in font nullfont!
Missing character: There is no x ("78) in font nullfont!
Missing character: There is no m ("6D) in font nullfont!
Missing character: There is no l ("6C) in font nullfont!
Missing character: There is no : ("3A) in font nullfont!
Missing character: There is no i ("69) in font nullfont!
Missing character: There is no d ("64) in font nullfont!
Missing character: There is no = ("3D) in font nullfont!
Missing character: There is no " ("22) in font nullfont!
Missing character: There is no T ("54) in font nullfont!
! Missing $ inserted.
<inserted text> 
                $
l.135 ...pener><anchor type="textConst" xml:id="T_
                                                  L04230-1"/><dateline><pb f...
I've inserted a begin-math/end-math symbol since I think
you left one out. Proceed, with fingers crossed.

LaTeX Font Info:    External font `cmex10' loaded for size
(Font)              <7> on input line 135.
LaTeX Font Info:    External font `cmex10' loaded for size
(Font)              <5> on input line 135.
! You can't use `macro parameter character #' in math mode.
l.135 ... facs="p014"/>dzt <rs type="place" ref="#
                                                  pmb48393"><hi rend="latint...
Sorry, but I'm not programmed to handle this case;
I'll just pretend that you didn't ask for it.
If you're in the wrong mode, you might be able to
return to the right one by typing `I}' or `I$' or `I\par'.

! Misplaced alignment tab character &.
l.137 ...ile befindet sich am unteren Rand von S.&
                                                  #160;1.</note></opener>
I can't figure out why you would want to use a tab mark
here. If you just want an ampersand, the remedy is
simple: Just type `I\&' now. But if some right brace
up above has ended a previous alignment prematurely,
you're probably due for more error messages, and you
might try typing `S' now just to see what is salvageable.

! You can't use `macro parameter character #' in math mode.
l.137 ...le befindet sich am unteren Rand von S.&#
                                                  160;1.</note></opener>
Sorry, but I'm not programmed to handle this case;
I'll just pretend that you didn't ask for it.
If you're in the wrong mode, you might be able to
return to the right one by typing `I}' or `I$' or `I\par'.

! You can't use `macro parameter character #' in math mode.
l.138 ...04230-1"/>jüngſten <rs type="work" ref="#
                                                  pmb29853" subtype="implied...
Sorry, but I'm not programmed to handle this case;
I'll just pretend that you didn't ask for it.
If you're in the wrong mode, you might be able to
return to the right one by typing `I}' or `I$' or `I\par'.

! You can't use `macro parameter character #' in math mode.
l.138 ...230-1">Die Novelle <rs type="work" ref="#
                                                  pmb29853">Lieutnant Gustl<...
Sorry, but I'm not programmed to handle this case;
I'll just pretend that you didn't ask for it.
If you're in the wrong mode, you might be able to
return to the right one by typing `I}' or `I$' or `I\par'.

! You can't use `macro parameter character #' in math mode.
l.138 ...5. 1901</date> vom <rs type="work" ref="#
                                                  pmb47979">Börsenblatt für ...
Sorry, but I'm not programmed to handle this case;
I'll just pretend that you didn't ask for it.
If you're in the wrong mode, you might be able to
return to the right one by typing `I}' or `I$' or `I\par'.

! You can't use `macro parameter character #' in math mode.
l.140 ...ie Beſprechung des <rs type="work" ref="#
                                                  pmb30486" subtype="implied...
Sorry, but I'm not programmed to handle this case;
I'll just pretend that you didn't ask for it.
If you're in the wrong mode, you might be able to
return to the right one by typing `I}' or `I$' or `I\par'.

! You can't use `macro parameter character #' in math mode.
l.143       »<rs type="work" ref="#
                                   pmb62897">Nation</rs>« geſandt; ſollte di...
Sorry, but I'm not programmed to handle this case;
I'll just pretend that you didn't ask for it.
If you're in the wrong mode, you might be able to
return to the right one by typing `I}' or `I$' or `I\par'.

! You can't use `macro parameter character #' in math mode.
l.144 ...        würde ich »<rs type="work" ref="#
                                                  pmb29853">Lt Gustel</rs>« ...
Sorry, but I'm not programmed to handle this case;
I'll just pretend that you didn't ask for it.
If you're in the wrong mode, you might be able to
return to the right one by typing `I}' or `I$' or `I\par'.

! You can't use `macro parameter character #' in math mode.
l.144 ... <rs type="work" subtype="implied" ref="#
                                                  pmb29853">Er<pb facs="p015...
Sorry, but I'm not programmed to handle this case;
I'll just pretend that you didn't ask for it.
If you're in the wrong mode, you might be able to
return to the right one by typing `I}' or `I$' or `I\par'.

! You can't use `macro parameter character #' in math mode.
l.144 ...ch bereits aus der <rs type="work" ref="#
                                                  pmb36374">N. Fr. Pr</rs>.
Sorry, but I'm not programmed to handle this case;
I'll just pretend that you didn't ask for it.
If you're in the wrong mode, you might be able to
return to the right one by typing `I}' or `I$' or `I\par'.

! You can't use `macro parameter character #' in math mode.
l.148 ...en den Offiziersſtand erke<c rendition="#
                                                  gemination-n"/>e, die mir aus
Sorry, but I'm not programmed to handle this case;
I'll just pretend that you didn't ask for it.
If you're in the wrong mode, you might be able to
return to the right one by typing `I}' or `I$' or `I\par'.

! You can't use `macro parameter character #' in math mode.
l.149                »<rs type="work" ref="#
                                            pmb29899">Freiwild</rs>« in Eri<...
Sorry, but I'm not programmed to handle this case;
I'll just pretend that you didn't ask for it.
If you're in the wrong mode, you might be able to
return to the right one by typing `I}' or `I$' or `I\par'.

! You can't use `macro parameter character #' in math mode.
l.149 ...899">Freiwild</rs>« in Eri<c rendition="#
                                                  gemination-n"/>erung ist. ...
Sorry, but I'm not programmed to handle this case;
I'll just pretend that you didn't ask for it.
If you're in the wrong mode, you might be able to
return to the right one by typing `I}' or `I$' or `I\par'.

)
! Emergency stop.
<*> L04230.xml
              
*** (job aborted, no legal \end found)

 
Here is how much of TeX's memory you used:
 16 strings out of 468174
 286 string characters out of 5433150
 434408 words of memory out of 5000000
 28839 multiletter control sequences out of 15000+600000
 627721 words of font info for 40 fonts, out of 8000000 for 9000
 1348 hyphenation exceptions out of 8191
 18i,2n,18p,474b,59s stack positions out of 10000i,1000n,20000p,200000b,200000s
No pages of output.
